num_processes,num_resources,distributed,dynamic_join_leave,total_allocation,total_max,total_need,total_available,num_executable_processes,blocked_processes,fraction_blocked,utilization_ratio,need_to_available_ratio,deadlock
6,3,0,0,3.2223390430186103,73.03569464509569,69.81335560207708,16.77766095698139,1.0,5.0,0.8333333333333334,0.16111695215093053,4.161089902882255,0
13,2,0,0,0.0,66.97077707882241,66.97077707882241,7.0,2.0,11.0,0.8461538461538461,0.0,9.567253868403201,0
3,3,0,1,0.9234456191122806,29.95021500450364,29.02676938539136,13.07655438088772,1.0,2.0,0.6666666666666666,0.0659604013651629,2.2197567141858086,0
13,2,0,0,0.0,54.09647895016368,54.09647895016368,7.0,3.0,10.0,0.7692307692307693,0.0,7.728068421451954,0
12,3,0,0,2.7397261671457356,106.39755176920715,103.65782560206142,11.260273832854264,2.0,10.0,0.8333333333333334,0.1956947262246954,9.205622095940285,0
11,4,1,0,26.083079217930624,227.93572093041746,201.85264171248684,13.916920782069376,1.0,10.0,0.9090909090909091,0.6520769804482656,14.504116598303463,0
7,7,1,0,31.977848930163354,219.58637462410874,187.60852569394538,29.022151069836646,1.0,6.0,0.8571428571428571,0.5242270316420222,6.464321863754993,0
7,7,1,0,32.83018808776323,225.28643332682077,192.45624523905752,28.169811912236767,1.0,6.0,0.8571428571428571,0.53819980471743,6.83200320394954,0
12,3,0,0,3.0488607189971146,99.52294932433551,96.4740886053384,10.951139281002884,2.0,10.0,0.8333333333333334,0.21777576564265105,8.809502475481573,0
13,2,0,0,0.0,64.45579533444334,64.45579533444334,7.0,3.0,10.0,0.7692307692307693,0.0,9.207970762063335,0
13,2,0,0,0.0,68.43704178557851,68.43704178557851,7.0,2.0,11.0,0.8461538461538461,0.0,9.776720255082646,0
7,5,0,0,41.621611116375,203.9091116539085,162.2875005375335,18.378388883625,0.0,7.0,1.0,0.69369351860625,8.83034424644972,1
10,2,0,0,40.70584619867921,127.57388675455309,86.86804055587388,0.0,0.0,10.0,1.0,1.4036498689199728,86.86804055587388,1
12,3,0,0,3.354186961542804,102.80867376563194,99.45448680408913,10.645813038457195,2.0,10.0,0.8333333333333334,0.23958478296734315,9.342122245132176,0
12,3,0,0,2.9456190324987936,114.79816669985023,111.85254766735143,11.054380967501206,2.0,10.0,0.8333333333333334,0.21040135946419955,10.11839088920374,0
4,5,1,0,30.0241843302363,89.11434617447648,59.090161844240185,23.9758156697637,1.0,3.0,0.75,0.5560034135228944,2.4645735793990013,0
13,2,0,0,0.0,60.62497137501613,60.62497137501613,7.0,3.0,10.0,0.7692307692307693,0.0,8.660710196430875,0
10,4,0,0,65.32029668305007,327.13895596772005,261.81865928467,0.0,0.0,10.0,1.0,1.3064059336610014,261.81865928467,1
6,2,0,0,5.22411475690905,36.553301221344014,31.329186464434965,2.7758852430909497,1.0,5.0,0.8333333333333334,0.6530143446136313,11.28619655384237,0
6,3,0,0,2.853745513765066,65.28197851036538,62.428232996600315,17.146254486234934,2.0,4.0,0.6666666666666666,0.1426872756882533,3.6409253721690584,0
12,3,0,0,3.1137004351218134,118.68200935991294,115.56830892479113,10.886299564878186,1.0,11.0,0.9166666666666666,0.22240717393727238,10.615940543988172,0
13,2,0,0,0.0,62.941938601906394,62.941938601906394,7.0,2.0,11.0,0.8461538461538461,0.0,8.991705514558056,0
3,4,0,0,19.48998639551471,55.19838753271655,35.70840113720185,15.510013604485291,1.0,2.0,0.6666666666666666,0.5568567541575631,2.3022804523443776,0
12,3,0,0,3.117139908156402,102.47138965455433,99.35424974639793,10.882860091843598,2.0,10.0,0.8333333333333334,0.22265285058260015,9.129424517812296,0
6,4,0,0,13.27271695888114,118.79122742747231,105.51851046859116,22.72728304111886,1.0,5.0,0.8333333333333334,0.3686865821911428,4.642812353666913,0
10,4,0,0,63.52650560753066,324.22594078383946,260.6994351763088,0.0,0.0,10.0,1.0,1.2705301121506132,260.6994351763088,1
10,4,0,0,49.84318237414907,247.61284313530567,197.7696607611566,0.0,0.0,10.0,1.0,1.0604932420031719,197.7696607611566,1
12,3,0,0,2.470130454054228,96.17851198120783,93.7083815271536,11.529869545945772,2.0,10.0,0.8333333333333334,0.17643788957530201,8.127445081120117,0
13,2,0,0,0.0,67.02823935898265,67.02823935898265,7.0,2.0,11.0,0.8461538461538461,0.0,9.575462765568949,0
10,4,0,0,69.71498560182101,323.7289696338895,254.0139840320685,0.0,0.0,10.0,1.0,1.3942997120364202,254.0139840320685,1
10,2,0,0,14.971319380952536,104.46096702258052,89.48964764162798,4.0286806190474636,0.0,10.0,1.0,0.7879641779448704,22.213140257017148,1
13,2,0,0,0.0,59.29658243291151,59.29658243291151,7.0,2.0,11.0,0.8461538461538461,0.0,8.470940347558786,0
9,3,0,0,8.486899500834557,89.36879583888796,80.88189633805341,10.513100499165443,1.0,8.0,0.8888888888888888,0.44667892109655566,7.6934388998254155,0
3,2,0,0,15.562928085851269,43.36066824415619,27.79774015830492,6.437071914148731,0.0,3.0,1.0,0.7074058220841486,4.318382725724297,1
3,3,1,0,24.0916475054007,49.80598904637658,25.71434154097588,5.908352494599299,0.0,3.0,1.0,0.8030549168466901,4.352201661035089,1
3,3,0,1,9.933937944448429,43.071992816263574,33.13805487181514,24.06606205555157,2.0,1.0,0.3333333333333333,0.2921746454249538,1.3769620802656761,0
12,3,0,0,3.4648336414291716,103.21891603951053,99.75408239808137,10.535166358570828,2.0,10.0,0.8333333333333334,0.24748811724494083,9.468676526111707,0
7,5,0,0,41.63179201704606,233.84556724178,192.21377522473395,18.36820798295394,0.0,7.0,1.0,0.693863200284101,10.464481641492307,1
12,3,0,0,3.1989209856212,89.87982406867417,86.68090308305297,10.8010790143788,2.0,10.0,0.8333333333333334,0.2284943561158,8.02520775634176,0
12,3,0,0,2.767386906849942,124.8717252062888,122.10433829943887,11.232613093150057,2.0,10.0,0.8333333333333334,0.19767049334642442,10.87051937842507,0
12,3,0,0,2.942313205676166,104.37227241799599,101.42995921231982,11.057686794323834,2.0,10.0,0.8333333333333334,0.21016522897686898,9.172800884936093,0
13,2,0,0,0.0,53.910842883698585,53.910842883698585,7.0,2.0,11.0,0.8461538461538461,0.0,7.701548983385512,0
3,7,0,0,26.46274690579724,159.40373863800798,132.94099173221073,51.53725309420276,1.0,2.0,0.6666666666666666,0.3392659859717595,2.5795125613158607,0
12,3,0,0,3.407485438510725,114.35323720339031,110.94575176487959,10.592514561489274,2.0,10.0,0.8333333333333334,0.24339181703648036,10.473976799450439,0
4,4,0,0,31.690102063750665,88.06259036712292,56.37248830337226,21.309897936249335,1.0,3.0,0.75,0.5979264540330315,2.6453664148001144,0
7,5,0,0,37.56626219817842,225.1466195381767,187.58035733999827,22.43373780182158,1.0,6.0,0.8571428571428571,0.6261043699696404,8.36152936247508,0
9,3,0,0,37.30763204851493,173.77390032963947,136.46626828112454,0.0,0.0,9.0,1.0,1.2435877349504978,136.46626828112454,1
5,6,0,0,26.74070768180945,161.24743841990625,134.5067307380968,53.259292318190546,1.0,4.0,0.8,0.33425884602261813,2.525507284897896,0
11,3,0,0,24.734174768587376,153.6405152745827,128.90634050599533,0.2658252314126237,0.0,11.0,1.0,0.9893669907434951,484.9289129589891,1
3,3,0,0,18.966710312391978,66.72513843856038,47.7584281261684,18.033289687608022,1.0,2.0,0.6666666666666666,0.5126137922268102,2.6483480803276103,0
13,2,0,0,0.0,63.66893615470339,63.66893615470339,7.0,2.0,11.0,0.8461538461538461,0.0,9.09556230781477,0
13,2,0,0,0.0,54.86458126975565,54.86458126975565,7.0,2.0,11.0,0.8461538461538461,0.0,7.837797324250807,0
13,2,0,0,0.0,56.30855682646667,56.30855682646667,7.0,2.0,11.0,0.8461538461538461,0.0,8.044079546638097,0
13,2,0,0,0.0,53.75240707333336,53.75240707333336,7.0,2.0,11.0,0.8461538461538461,0.0,7.67891529619048,0
12,2,0,0,26.325483086059734,161.22608799119695,134.90060490513721,0.0,0.0,12.0,1.0,1.144586221133032,134.90060490513721,1
10,2,0,0,1.150867035729423,43.88354722442209,42.73268018869266,5.849132964270577,1.0,9.0,0.9,0.16440957653277471,7.30581445997641,0
13,2,0,0,0.0,54.46644815328756,54.46644815328756,7.0,3.0,10.0,0.7692307692307693,0.0,7.780921164755365,0
13,2,0,0,0.0,62.102194947088456,62.102194947088456,7.0,2.0,11.0,0.8461538461538461,0.0,8.871742135298351,0
13,2,0,0,0.0,57.520279069601244,57.520279069601244,7.0,2.0,11.0,0.8461538461538461,0.0,8.21718272422875,0
9,3,1,0,34.21093260859372,159.70118083061797,125.49024822202425,5.789067391406277,0.0,9.0,1.0,0.8552733152148431,21.677109582160213,1
5,3,1,0,19.387172938820544,65.0805450907826,45.693372151962066,7.6128270611794555,1.0,4.0,0.8,0.7180434421785387,6.00215554415639,0
12,3,0,0,2.7072279832124004,111.75066863558595,109.04344065237355,11.2927720167876,2.0,10.0,0.8333333333333334,0.1933734273723143,9.656038436822406,0
6,2,1,0,1.699854478235491,25.20267906804185,23.50282458980636,5.3001455217645095,1.0,5.0,0.8333333333333334,0.24283635403364157,4.434373451312685,0
10,4,0,0,47.96410375004556,300.8529305548584,252.88882680481285,2.0358962499544404,0.0,10.0,1.0,0.9592820750009112,124.21498728654372,1
13,2,0,0,0.0,51.94466708573127,51.94466708573127,7.0,2.0,11.0,0.8461538461538461,0.0,7.420666726533038,0
13,2,0,0,0.0,60.900049368992676,60.900049368992676,7.0,2.0,11.0,0.8461538461538461,0.0,8.70000705271324,0
7,7,1,0,34.54589097422879,254.52328073374085,219.97738975951205,26.45410902577121,1.0,6.0,0.8571428571428571,0.5663260815447343,8.315433702386773,0
12,3,0,0,2.6310039296281538,99.44257110077628,96.81156717114813,11.368996070371846,2.0,10.0,0.8333333333333334,0.1879288521162967,8.515401586200188,0
13,2,0,0,0.0,65.95380308592154,65.95380308592154,7.0,2.0,11.0,0.8461538461538461,0.0,9.421971869417362,0
13,2,0,0,0.0,60.23061694669278,60.23061694669278,7.0,2.0,11.0,0.8461538461538461,0.0,8.604373849527539,0
10,2,0,0,40.60647009321431,129.04333871109264,88.43686861787833,0.0,0.0,10.0,1.0,1.4002231066625626,88.43686861787833,1
12,3,0,0,3.095240832616339,111.51422637199559,108.41898553937925,10.904759167383661,2.0,10.0,0.8333333333333334,0.22108863090116707,9.942354881496371,0
6,2,0,0,5.270646926575953,37.3063471822427,32.035700255666754,2.729353073424047,1.0,5.0,0.8333333333333334,0.6588308658219941,11.737470160090758,0
6,2,1,0,1.8265296125109534,26.777076445791614,24.95054683328066,5.173470387489047,1.0,5.0,0.8333333333333334,0.26093280178727907,4.822787213321705,0
3,5,0,0,10.268849781586633,81.10476089900288,70.83591111741625,35.73115021841337,1.0,2.0,0.6666666666666666,0.22323586481710073,1.9824693771238382,0
9,2,0,0,11.527365033486532,85.07734335643185,73.54997832294532,6.472634966513468,1.0,8.0,0.8888888888888888,0.6404091685270296,11.363220497287452,0
10,4,0,0,72.68700981355659,339.30848275541905,266.62147294186246,0.0,0.0,10.0,1.0,1.4537401962711316,266.62147294186246,1
12,3,0,0,2.801322216628506,96.80911905615655,94.00779683952804,11.198677783371494,2.0,10.0,0.8333333333333334,0.2000944440448933,8.394544307642887,0
5,3,0,0,10.408494512676803,81.7578792959015,71.3493847832247,17.591505487323197,1.0,4.0,0.8,0.3717319468813144,4.055899867958462,0
3,4,1,0,29.47917747140893,71.276915754026,41.797738282617075,19.52082252859107,1.0,2.0,0.6666666666666666,0.6016158667634476,2.1411873511681305,0
13,2,0,0,0.0,63.7964703094209,63.7964703094209,7.0,2.0,11.0,0.8461538461538461,0.0,9.113781472774415,0
7,5,1,0,23.598814008028064,180.0188999661278,156.42008595809975,21.401185991971936,1.0,6.0,0.8571428571428571,0.5244180890672904,7.308944748051647,0
3,7,0,0,55.22071457010132,95.64465408136932,40.423939511268,15.779285429898678,1.0,2.0,0.6666666666666666,0.7777565432408637,2.5618358759562394,0
14,3,0,0,17.0,101.0,84.0,0.0,0.0,14.0,1.0,1.4166666666666667,84.0,1
4,4,0,0,25.356237079414026,75.14367542180719,49.78743834239316,19.643762920585974,2.0,2.0,0.5,0.5634719350980895,2.5345163522726937,0
12,3,0,0,3.0781237383519735,88.2744614920988,85.19633775374682,10.921876261648027,2.0,10.0,0.8333333333333334,0.21986598131085525,7.800522155054277,0
7,3,1,0,44.37205908373205,136.12038645979095,91.74832737605891,2.627940916267953,0.0,7.0,1.0,0.9440863634836606,34.912629430936555,1
6,6,1,0,33.770193861770366,257.53453355007076,223.7643396883004,40.229806138229634,1.0,5.0,0.8333333333333334,0.456353971105005,5.562153069280176,0
13,2,0,0,0.0,59.7942055958878,59.7942055958878,7.0,2.0,11.0,0.8461538461538461,0.0,8.542029370841115,0
12,3,0,0,2.800605400390501,105.0972601563447,102.29665475595421,11.199394599609498,2.0,10.0,0.8333333333333334,0.2000432428850358,9.134123621246554,0
12,3,0,0,2.886470044745868,116.82235491301718,113.93588486827132,11.113529955254132,2.0,10.0,0.8333333333333334,0.206176431767562,10.25199781950522,0
10,2,0,0,14.121791886845571,121.83201330807505,107.71022142122948,4.878208113154429,0.0,10.0,1.0,0.7432522045708195,22.079874192079124,1
13,2,0,0,0.0,56.75038836907894,56.75038836907894,7.0,2.0,11.0,0.8461538461538461,0.0,8.107198338439849,0
13,2,0,0,0.0,65.92836553795054,65.92836553795054,7.0,2.0,11.0,0.8461538461538461,0.0,9.418337933992934,0
11,3,0,0,20.902010381953115,166.35011812405443,145.4481077421013,4.097989618046885,0.0,11.0,1.0,0.8360804152781246,35.492551543218,1
12,4,0,0,52.34290224236871,244.30730393515177,191.96440169278304,0.0,0.0,12.0,1.0,1.1896114145992889,191.96440169278304,1
12,3,0,0,2.472040722071633,108.88954976711193,106.41750904504029,11.527959277928367,2.0,10.0,0.8333333333333334,0.1765743372908309,9.231253032684554,0
4,6,0,0,18.147135239687664,150.79922574176007,132.6520905020724,46.852864760312336,1.0,3.0,0.75,0.27918669599519486,2.831248231686316,0
13,2,0,0,0.0,61.26237966468086,61.26237966468086,7.0,2.0,11.0,0.8461538461538461,0.0,8.751768523525836,0
12,3,0,0,2.3746703549373502,91.35283026919575,88.9781599142584,11.62532964506265,2.0,10.0,0.8333333333333334,0.16961931106695358,7.65381822545118,0
7,5,0,0,41.74327455097845,198.73048521641286,156.98721066543442,18.256725449021552,0.0,7.0,1.0,0.6957212425163075,8.598870104268778,1
7,5,0,0,40.16003250456748,218.72881921911198,178.5687867145445,19.839967495432518,0.0,7.0,1.0,0.6693338750761247,9.000457624522516,1
8,2,1,0,23.78140363842547,103.636765447864,79.85536180943852,4.21859636157453,0.0,8.0,1.0,0.849335844229481,18.929367724489683,1
3,3,0,0,20.08475080546516,66.22076000614966,46.1360092006845,16.91524919453484,1.0,2.0,0.6666666666666666,0.5428311028504097,2.7274803149569093,0
13,2,0,0,0.0,51.965086905301504,51.965086905301504,7.0,3.0,10.0,0.7692307692307693,0.0,7.423583843614501,0
13,2,0,0,0.0,61.41284193088207,61.41284193088207,7.0,2.0,11.0,0.8461538461538461,0.0,8.773263132983152,0
10,2,0,0,1.0,48.0,47.0,6.0,1.0,9.0,0.9,0.14285714285714285,7.833333333333333,0
4,6,0,0,17.87971607663605,159.59251613947697,141.71280006284093,47.12028392336395,1.0,3.0,0.75,0.27507255502517003,3.0074691462666374,0
13,2,0,0,0.0,63.184742068663,63.184742068663,7.0,2.0,11.0,0.8461538461538461,0.0,9.026391724094713,0
12,3,0,0,3.4974068500211555,107.59307081094997,104.09566396092882,10.502593149978845,2.0,10.0,0.8333333333333334,0.2498147750015111,9.911424966617744,0
12,3,0,0,2.9298396230573855,105.94657743556559,103.0167378125082,11.070160376942614,2.0,10.0,0.8333333333333334,0.20927425878981326,9.30580355701763,0
5,2,0,0,8.245513528483992,42.633438427746064,34.387924899262075,9.754486471516008,1.0,4.0,0.8,0.4580840849157773,3.525344465818673,0
12,3,0,0,2.4518452251294636,91.46404768168685,89.01220245655739,11.548154774870536,2.0,10.0,0.8333333333333334,0.17513180179496168,7.707915610055139,0
13,2,0,0,0.0,60.89508513625572,60.89508513625572,7.0,2.0,11.0,0.8461538461538461,0.0,8.699297876607961,0
11,4,1,0,25.870566105015076,260.71284646148456,234.84228035646947,14.129433894984924,1.0,10.0,0.9090909090909091,0.6467641526253769,16.620784817134393,0
9,3,0,0,18.046099134913092,136.14476193208156,118.09866279716847,3.953900865086908,0.0,9.0,1.0,0.8202772334051406,29.868898292312807,1
12,3,0,0,2.8239118782998642,101.73658718965459,98.91267531135472,11.176088121700136,2.0,10.0,0.8333333333333334,0.20170799130713316,8.850384341485297,0
10,3,0,0,6.780429047608139,127.65448953328169,120.87406048567355,13.219570952391862,1.0,9.0,0.9,0.33902145238040693,9.143569100765967,0
7,4,1,0,30.09494756947023,207.36157939475893,177.2666318252887,20.90505243052977,1.0,6.0,0.8571428571428571,0.5900970111660829,8.479607138722514,0
9,3,0,0,7.849011133096202,86.19443435580777,78.34542322271157,11.150988866903798,1.0,8.0,0.8888888888888888,0.4131058491103264,7.025872248446167,0
12,3,0,0,2.8956992335401757,111.97628483182518,109.08058559828501,11.104300766459824,2.0,10.0,0.8333333333333334,0.206835659538584,9.823273692996441,0
10,4,0,0,67.82043435524416,335.18422033893944,267.36378598369527,0.0,0.0,10.0,1.0,1.3564086871048833,267.36378598369527,1
4,5,1,0,30.438666181129303,92.90560057478281,62.4669343936535,23.561333818870697,1.0,3.0,0.75,0.5636790033542464,2.6512477975089257,0
4,4,0,0,46.37946193537948,88.08393626919921,41.70447433381973,7.6205380646205185,0.0,4.0,1.0,0.8588789247292496,5.472641692774813,1
12,3,0,0,2.9937595038946005,102.26105925219272,99.26729974829813,11.006240496105399,2.0,10.0,0.8333333333333334,0.21383996456390003,9.01918323367768,0
12,4,0,0,33.33431000647877,206.43712479930448,173.1028147928257,0.6656899935212266,0.0,12.0,1.0,0.9804208825434934,260.0351762495076,1
12,3,0,0,2.688875590088473,127.65987285865177,124.9709972685633,11.311124409911526,2.0,10.0,0.8333333333333334,0.19206254214917665,11.048503467882977,0
13,2,0,0,0.0,62.92860983841337,62.92860983841337,7.0,2.0,11.0,0.8461538461538461,0.0,8.989801405487624,0
8,2,0,0,12.526969212545804,53.942081136254664,41.415111923708864,0.0,0.0,8.0,1.0,1.0439141010454838,41.415111923708864,1
13,2,0,0,0.0,56.32841771843609,56.32841771843609,7.0,2.0,11.0,0.8461538461538461,0.0,8.046916816919442,0
6,2,1,0,1.8708446983631317,23.682540500970497,21.811695802607364,5.129155301636868,1.0,5.0,0.8333333333333334,0.26726352833759026,4.252492763408156,0
11,3,0,0,27.365276303559273,156.3601988135844,128.9949225100251,0.0,0.0,11.0,1.0,1.0946110521423709,128.9949225100251,1
13,2,0,0,0.0,61.05227733600141,61.05227733600141,7.0,2.0,11.0,0.8461538461538461,0.0,8.721753905143059,0
12,3,0,0,3.1480478057406254,108.84964009124188,105.70159228550125,10.851952194259376,2.0,10.0,0.8333333333333334,0.22486055755290182,9.740329702283136,0
13,2,0,0,0.0,59.21542646923087,59.21542646923087,7.0,2.0,11.0,0.8461538461538461,0.0,8.459346638461552,0
12,3,0,0,3.2226094578867372,113.85154192872577,110.62893247083903,10.777390542113263,2.0,10.0,0.8333333333333334,0.23018638984905265,10.264908934917987,0
10,4,0,0,49.6209414941488,267.1477549072048,217.52681341305598,0.37905850585119794,0.0,10.0,1.0,0.992418829882976,573.8607894435369,1
5,3,1,0,20.671727175941022,74.69083191486364,54.019104738922614,6.328272824058978,0.0,5.0,1.0,0.7656195250348526,8.536152950541497,1
6,3,0,0,3.157964517465352,71.88131582503905,68.7233513075737,16.842035482534648,1.0,5.0,0.8333333333333334,0.1578982258732676,4.080465890173457,0
13,2,0,0,0.0,66.4711315592829,66.4711315592829,7.0,3.0,10.0,0.7692307692307693,0.0,9.495875937040413,0
6,2,1,0,1.8856912495842642,26.772136399489536,24.88644514990527,5.114308750415736,1.0,5.0,0.8333333333333334,0.26938446422632345,4.866042776139059,0
13,2,0,0,0.0,55.12338296806057,55.12338296806057,7.0,3.0,10.0,0.7692307692307693,0.0,7.874768995437224,0
13,2,0,0,0.0,63.44588521225555,63.44588521225555,7.0,2.0,11.0,0.8461538461538461,0.0,9.063697887465079,0
6,4,0,0,13.776144794945965,119.22438982262955,105.44824502768358,22.223855205054036,1.0,5.0,0.8333333333333334,0.382670688748499,4.744822356640583,0
12,3,0,0,3.4528041080288316,113.22227001594693,109.7694659079181,10.547195891971167,1.0,11.0,0.9166666666666666,0.24662886485920227,10.407454932308388,0
12,3,0,0,2.4551589342720934,96.98593504858923,94.53077611431713,11.544841065727907,2.0,10.0,0.8333333333333334,0.17536849530514953,8.188140103109937,0
10,2,1,0,35.67728853460086,145.6661190497164,109.98883051511554,0.0,0.0,10.0,1.0,1.5511864580261245,109.98883051511554,1
13,2,0,0,0.0,63.79753196588845,63.79753196588845,7.0,2.0,11.0,0.8461538461538461,0.0,9.113933137984064,0
12,3,0,0,2.6720557088311487,94.69961192169737,92.02755621286622,11.327944291168851,2.0,10.0,0.8333333333333334,0.19086112205936775,8.123941453756084,0
12,3,0,0,3.1850171988569507,103.28435097347564,100.09933377461869,10.81498280114305,2.0,10.0,0.8333333333333334,0.2275012284897822,9.255616547447405,0
6,2,1,0,1.920675252484325,25.452515244270522,23.531839991786196,5.079324747515675,1.0,5.0,0.8333333333333334,0.27438217892633215,4.6328677848951765,0
9,2,0,0,11.672935341960475,86.06542204220875,74.39248670024827,6.327064658039525,1.0,8.0,0.8888888888888888,0.648496407886693,11.757819892945298,0
12,3,0,0,2.9301869524010327,121.05348804822793,118.1233010958269,11.069813047598966,2.0,10.0,0.8333333333333334,0.2092990680286452,10.670758448034292,0
5,3,1,0,20.715336299731707,70.41757153193635,49.70223523220464,6.284663700268293,0.0,5.0,1.0,0.767234677767841,7.908495601774658,1
13,2,0,0,0.0,62.899059303361454,62.899059303361454,7.0,2.0,11.0,0.8461538461538461,0.0,8.985579900480207,0
10,2,0,0,0.9483965497450499,47.72664863048914,46.77825208074409,6.05160345025495,1.0,9.0,0.9,0.13548522139215,7.729893814964586,0
13,2,0,0,0.0,60.074331195560056,60.074331195560056,7.0,2.0,11.0,0.8461538461538461,0.0,8.582047313651437,0
5,3,1,0,21.500277111272766,63.41213167582886,41.911854564556094,5.499722888727234,0.0,5.0,1.0,0.7963065596767691,7.62072115496268,1
13,2,0,0,0.0,59.37286286682018,59.37286286682018,7.0,2.0,11.0,0.8461538461538461,0.0,8.481837552402883,0
6,6,1,0,33.40292878694508,244.03968230078834,210.63675351384325,40.59707121305492,1.0,5.0,0.8333333333333334,0.45139092955331195,5.188471661130771,0
13,2,0,0,0.0,59.001018640421115,59.001018640421115,7.0,3.0,10.0,0.7692307692307693,0.0,8.428716948631587,0
10,2,0,0,14.841086253313458,114.60831597217384,99.76722971886038,4.158913746686542,0.0,10.0,1.0,0.7811098028059714,23.988771057910533,1
5,3,1,0,21.25788990835636,64.15209453909124,42.894204630734876,5.742110091643639,0.0,5.0,1.0,0.7873292558650504,7.470111848457561,1
11,3,0,0,23.415197132090327,160.72768858263163,137.3124914505413,1.5848028679096728,0.0,11.0,1.0,0.936607885283613,86.64326285051091,1
13,2,0,0,0.0,61.07605434685571,61.07605434685571,7.0,2.0,11.0,0.8461538461538461,0.0,8.725150620979388,0
12,3,0,0,2.7504967012581276,89.4371350966546,86.68663839539647,11.249503298741873,1.0,11.0,0.9166666666666666,0.19646405008986625,7.705819189820708,0
13,2,0,0,0.0,70.2718351272936,70.2718351272936,7.0,2.0,11.0,0.8461538461538461,0.0,10.038833589613372,0
3,7,0,0,30.47614040716122,145.63469913312034,115.15855872595911,51.523859592838775,1.0,2.0,0.6666666666666666,0.3716602488678198,2.2350530343803054,0
13,2,0,0,0.0,59.25104738693375,59.25104738693375,7.0,2.0,11.0,0.8461538461538461,0.0,8.464435340990535,0
12,2,0,1,8.382316173394909,60.76290486244216,52.38058868904726,0.0,0.0,12.0,1.0,1.0477895216743636,52.38058868904726,1
12,3,0,0,2.8687034843960615,108.88086037982339,106.01215689542732,11.131296515603939,2.0,10.0,0.8333333333333334,0.20490739174257583,9.523792376460248,0
12,3,0,0,2.535467128142665,92.31322050057693,89.77775337243426,11.464532871857335,1.0,11.0,0.9166666666666666,0.18110479486733322,7.830912465070165,0
6,3,0,0,19.770612021672186,104.99505313266604,85.22444111099387,9.229387978327814,0.0,6.0,1.0,0.6817452421266271,9.234029527322447,1
13,2,0,0,0.0,56.205077143457224,56.205077143457224,7.0,2.0,11.0,0.8461538461538461,0.0,8.029296734779603,0
12,3,0,0,2.8789553182526135,105.43010484880605,102.55114953055345,11.121044681747387,2.0,10.0,0.8333333333333334,0.2056396655894724,9.221359365534008,0
12,3,0,0,2.6766888624891783,104.57959198892551,101.90290312643634,11.32331113751082,2.0,10.0,0.8333333333333334,0.19119206160636987,8.999390892727641,0
10,2,0,0,39.34432739111167,150.06719468429998,110.7228672931883,0.0,0.0,10.0,1.0,1.356700944521092,110.7228672931883,1
12,3,0,0,2.8481717344691195,97.97908075571128,95.13090902124216,11.151828265530881,2.0,10.0,0.8333333333333334,0.20344083817636568,8.530521341983155,0
6,4,0,0,11.742110154392998,121.71776077257366,109.97565061818065,24.257889845607004,1.0,5.0,0.8333333333333334,0.32616972651091664,4.533603347947297,0
13,2,0,0,0.0,59.99999999999999,59.99999999999999,7.0,2.0,11.0,0.8461538461538461,0.0,8.571428571428571,0
5,6,0,0,43.08198464180505,141.37050965961336,98.28852501780831,16.91801535819495,0.0,5.0,1.0,0.7180330773634175,5.8096959328150835,1
11,4,1,0,26.262120668993663,280.1332044535304,253.87108378453675,13.737879331006337,0.0,11.0,1.0,0.6565530167248416,18.47964141099644,1
13,2,0,0,0.0,65.37681665138061,65.37681665138061,7.0,2.0,11.0,0.8461538461538461,0.0,9.339545235911515,0
12,3,0,0,3.251052371139552,110.07713594397315,106.8260835728336,10.748947628860448,2.0,10.0,0.8333333333333334,0.232218026509968,9.938283007911426,0
13,2,0,0,0.0,58.17163368867902,58.17163368867902,7.0,2.0,11.0,0.8461538461538461,0.0,8.310233384097003,0
13,2,0,0,0.0,60.78446769016478,60.78446769016478,7.0,2.0,11.0,0.8461538461538461,0.0,8.683495384309255,0
14,3,0,0,16.272658003215604,100.90130101646875,84.62864301325314,0.0,0.0,14.0,1.0,1.3560548336013003,84.62864301325314,1
9,3,0,0,16.20730531713329,123.12682722732075,106.91952191018746,5.79269468286671,0.0,9.0,1.0,0.7366956962333314,18.45764842853322,1
6,6,0,0,49.59835311881719,308.6883404092421,259.0899872904249,39.40164688118281,1.0,5.0,0.8333333333333334,0.5572848665035639,6.575613148143802,0
11,3,1,0,21.155207292299643,116.94699173172779,95.79178443942814,0.0,0.0,11.0,1.0,1.1134319627526128,95.79178443942814,1
13,2,0,0,0.0,56.18108277662925,56.18108277662925,7.0,2.0,11.0,0.8461538461538461,0.0,8.025868968089894,0
3,7,0,0,30.31100059594047,116.69289945169308,86.38189885575261,51.68899940405953,1.0,2.0,0.6666666666666666,0.36964634873098134,1.6711853557174563,0
12,3,0,0,2.8989621753194244,107.33925930608291,104.44029713076348,11.101037824680576,2.0,10.0,0.8333333333333334,0.2070687268085303,9.408156136407785,0
6,2,0,0,21.717629254165374,73.57012665592148,51.85249740175611,2.2823707458346263,0.0,6.0,1.0,0.9049012189235572,22.718700498763397,1
13,2,0,0,0.0,64.11791467064144,64.11791467064144,7.0,2.0,11.0,0.8461538461538461,0.0,9.15970209580592,0
12,3,0,0,3.17610742714255,113.89554897360921,110.71944154646665,10.82389257285745,1.0,11.0,0.9166666666666666,0.22686481622446783,10.229170402532674,0
9,3,1,0,31.57104770349408,175.0554288321437,143.4843811286496,8.42895229650592,0.0,9.0,1.0,0.789276192587352,17.022801420780212,1
13,2,0,0,0.0,58.835432925333954,58.835432925333954,7.0,2.0,11.0,0.8461538461538461,0.0,8.40506184647628,0
13,2,0,0,0.0,61.743885045875324,61.743885045875324,7.0,2.0,11.0,0.8461538461538461,0.0,8.820555006553617,0
5,6,0,0,24.39564702718847,142.62961263663033,118.23396560944185,55.604352972811526,2.0,3.0,0.6,0.30494558783985587,2.126343699516725,0
13,2,0,0,0.0,63.40166824899744,63.40166824899744,7.0,2.0,11.0,0.8461538461538461,0.0,9.057381178428205,0
13,2,0,0,0.0,55.67436006717294,55.67436006717294,7.0,2.0,11.0,0.8461538461538461,0.0,7.953480009596134,0
9,2,0,0,29.547803217048035,183.97204329328855,154.42424007624052,6.452196782951965,0.0,9.0,1.0,0.8207723115846677,23.93359118932349,1
12,3,0,0,3.0245371197156645,106.39549877406625,103.3709616543506,10.975462880284336,2.0,10.0,0.8333333333333334,0.21603836569397603,9.418369209743307,0
13,2,0,0,0.0,61.997629137508106,61.997629137508106,7.0,2.0,11.0,0.8461538461538461,0.0,8.856804162501158,0
12,3,0,0,3.3055197403088745,113.1188654356599,109.81334569535102,10.694480259691126,2.0,10.0,0.8333333333333334,0.23610855287920532,10.268226508328008,0
12,3,0,0,3.3511981061813927,107.99010330263081,104.63890519644943,10.648801893818607,2.0,10.0,0.8333333333333334,0.2393712932986709,9.82635476176808,0
10,2,0,0,14.314012399222849,115.70958846604157,101.39557606681872,4.6859876007771515,0.0,10.0,1.0,0.7533690736433079,21.638037635866276,1
12,3,0,0,2.647753122193555,94.36913845540101,91.72138533320746,11.352246877806445,1.0,11.0,0.9166666666666666,0.18912522301382537,8.079579868239305,0
13,2,0,0,0.0,62.09508631235781,62.09508631235781,7.0,3.0,10.0,0.7692307692307693,0.0,8.870726616051115,0
5,5,0,0,25.861869300808703,180.31709599488795,154.45522669407924,31.138130699191297,1.0,4.0,0.8,0.45371700527734565,4.960324310607723,0
3,3,0,1,0.9577095708842485,29.213237250810394,28.255527679926146,13.042290429115752,1.0,2.0,0.6666666666666666,0.06840782649173204,2.1664544148509526,0
11,3,0,0,27.00143468283617,155.58228961124075,128.5808549284046,0.0,0.0,11.0,1.0,1.0800573873134467,128.5808549284046,1
13,2,0,0,0.0,59.31018344938316,59.31018344938316,7.0,2.0,11.0,0.8461538461538461,0.0,8.47288334991188,0
13,2,0,0,0.0,54.88598876105905,54.88598876105905,7.0,2.0,11.0,0.8461538461538461,0.0,7.840855537294151,0
3,7,0,0,24.25168910767826,135.430553072358,111.17886396467975,53.74831089232174,1.0,2.0,0.6666666666666666,0.3109190911240803,2.068508984169069,0
12,3,0,0,2.7057260907761567,117.2653257928643,114.55959970208815,11.294273909223843,2.0,10.0,0.8333333333333334,0.19326614934115405,10.143157552477035,0
12,2,1,0,5.069621496211876,51.58513452051449,46.515513024302614,2.9303785037881243,1.0,11.0,0.9166666666666666,0.6337026870264845,15.873551134835186,0
5,5,0,0,20.283647713615828,82.29924135259408,62.01559363897825,9.716352286384172,1.0,4.0,0.8,0.6761215904538609,6.382600363912561,0
5,2,0,0,11.58333328450687,59.04582769040281,47.46249440589594,8.41666671549313,1.0,4.0,0.8,0.5791666642253435,5.63910821353167,0
13,2,0,0,0.0,55.10495480976756,55.10495480976756,7.0,2.0,11.0,0.8461538461538461,0.0,7.872136401395366,0
13,2,0,0,0.0,58.857055408827804,58.857055408827804,7.0,2.0,11.0,0.8461538461538461,0.0,8.408150772689686,0
10,2,0,0,43.363201125319044,125.28349497835731,81.92029385303826,0.0,0.0,10.0,1.0,1.4952827974247946,81.92029385303826,1
13,2,0,0,0.0,55.42710834747638,55.42710834747638,7.0,2.0,11.0,0.8461538461538461,0.0,7.918158335353768,0
12,3,0,0,2.8500374691253487,113.38614237405443,110.53610490492908,11.149962530874651,2.0,10.0,0.8333333333333334,0.2035741049375249,9.91358532361437,0
6,6,0,0,53.02103292183951,317.7493066979389,264.7282737760994,35.97896707816049,0.0,6.0,1.0,0.595741942942017,7.357861975331457,1
13,2,0,0,0.0,69.22590242579278,69.22590242579278,7.0,3.0,10.0,0.7692307692307693,0.0,9.889414632256111,0
13,2,0,0,0.0,49.15789395943087,49.15789395943087,7.0,2.0,11.0,0.8461538461538461,0.0,7.022556279918696,0
6,2,0,0,4.606340040254983,40.526388086802385,35.9200480465474,3.393659959745017,1.0,5.0,0.8333333333333334,0.5757925050318728,10.584457038308061,0
10,2,1,0,33.81555105706622,137.11607534325591,103.3005242861897,0.0,0.0,10.0,1.0,1.4702413503072271,103.3005242861897,1
9,2,1,1,5.262199088676125,36.72838696829524,31.466187879619113,0.737800911323875,0.0,9.0,1.0,0.8770331814460208,42.64861617364727,1
4,7,0,0,29.015654806605127,168.2211967565663,139.20554194996117,60.98434519339487,1.0,3.0,0.75,0.32239616451783476,2.282643873743492,0
9,2,1,1,4.885547756545573,32.670000917974875,27.7844531614293,1.1144522434544273,0.0,9.0,1.0,0.8142579594242622,24.93103973240418,1
13,2,0,0,0.0,54.44531898502357,54.44531898502357,7.0,3.0,10.0,0.7692307692307693,0.0,7.777902712146224,0
10,4,0,0,72.6465197330816,350.44763135631285,277.80111162323124,0.0,0.0,10.0,1.0,1.452930394661632,277.80111162323124,1
10,2,0,0,14.658838241433674,102.69056041074268,88.031722169309,4.341161758566326,0.0,10.0,1.0,0.7715178021807197,20.278378707173903,1
12,3,0,0,2.9013850453347843,111.58546129759756,108.68407625226277,11.098614954665216,2.0,10.0,0.8333333333333334,0.2072417889524846,9.792580127899496,0
13,2,0,0,0.0,59.14279963189997,59.14279963189997,7.0,2.0,11.0,0.8461538461538461,0.0,8.44897137598571,0
8,2,0,0,13.966442311960282,55.47940927908556,41.51296696712528,0.0,0.0,8.0,1.0,1.1638701926633568,41.51296696712528,1
13,2,0,0,0.0,63.62551371783798,63.62551371783798,7.0,2.0,11.0,0.8461538461538461,0.0,9.089359102548283,0
10,4,0,0,64.38103821499016,343.8452747768369,279.46423656184675,0.0,0.0,10.0,1.0,1.2876207642998032,279.46423656184675,1
12,3,0,0,2.6511544968454057,98.83456787705873,96.18341338021332,11.348845503154594,2.0,10.0,0.8333333333333334,0.1893681783461004,8.47517162459191,0
4,4,0,0,24.03762629623114,74.37775051045108,50.34012421421994,20.96237370376886,2.0,2.0,0.5,0.5341694732495809,2.4014515209777603,0
10,5,0,0,69.68984995094736,389.68879846815264,319.9989485172053,0.0,0.0,10.0,1.0,1.106188094459482,319.9989485172053,1
12,4,0,0,34.9375598119576,215.38482021406867,180.44726040211106,0.0,0.0,12.0,1.0,1.0275752885869882,180.44726040211106,1
7,3,1,0,45.54339798021804,158.30771087963385,112.76431289941581,1.4566020197819611,0.0,7.0,1.0,0.9690084676642136,77.41600750786787,1
13,2,0,0,0.0,67.48540439085275,67.48540439085275,7.0,2.0,11.0,0.8461538461538461,0.0,9.640772055836107,0
5,3,1,0,20.681172118403115,59.40716477973452,38.725992661331404,6.318827881596885,0.0,5.0,1.0,0.7659693377186338,6.128667117855508,1
12,3,0,0,2.7449484224950655,118.6922315182938,115.94728309579872,11.255051577504934,2.0,10.0,0.8333333333333334,0.19606774446393324,10.301799356258693,0
13,2,0,0,0.0,60.351201947290605,60.351201947290605,7.0,2.0,11.0,0.8461538461538461,0.0,8.621600278184372,0
12,3,0,0,2.7302292749330856,96.69994820007992,93.96971892514684,11.269770725066914,2.0,10.0,0.8333333333333334,0.1950163767809347,8.33821035206454,0
5,5,0,0,28.463341652649397,168.7522726938256,140.2889310411762,28.536658347350603,1.0,4.0,0.8,0.49935687109911225,4.916095267132106,0
13,2,0,0,0.0,54.39802862195231,54.39802862195231,7.0,2.0,11.0,0.8461538461538461,0.0,7.771146945993187,0
13,2,0,0,0.0,61.766139186955215,61.766139186955215,7.0,2.0,11.0,0.8461538461538461,0.0,8.82373416956503,0
3,3,0,0,18.23328230609424,62.858445838999934,44.625163532905695,18.76671769390576,1.0,2.0,0.6666666666666666,0.49279141367822266,2.377888571713162,0
12,3,0,0,2.7040615432134025,96.89684119762106,94.19277965440766,11.295938456786597,2.0,10.0,0.8333333333333334,0.1931472530866716,8.338641363420022,0
13,2,0,0,0.0,51.8260303696891,51.8260303696891,7.0,2.0,11.0,0.8461538461538461,0.0,7.4037186242413,0
13,2,0,0,0.0,65.1394899338927,65.1394899338927,7.0,2.0,11.0,0.8461538461538461,0.0,9.305641419127529,0
12,3,0,0,3.459342277898279,114.7383664889534,111.27902421105513,10.54065772210172,2.0,10.0,0.8333333333333334,0.24709587699273422,10.55712339256824,0
4,4,0,0,31.77279663597247,102.03209429795405,70.25929766198158,21.22720336402753,1.0,3.0,0.75,0.5994867289806126,3.3098706625219316,0
13,2,0,0,0.0,65.06885895532662,65.06885895532662,7.0,2.0,11.0,0.8461538461538461,0.0,9.295551279332374,0
6,2,1,0,1.6568842376517683,29.2115373217978,27.554653084146032,5.343115762348232,1.0,5.0,0.8333333333333334,0.2366977482359669,5.157038385415051,0
12,3,0,0,2.8933778907310117,107.98943360499266,105.09605571426164,11.106622109268988,2.0,10.0,0.8333333333333334,0.2066698493379294,9.46246794752782,0
13,2,0,0,0.0,66.1841491468843,66.1841491468843,7.0,2.0,11.0,0.8461538461538461,0.0,9.454878449554899,0
10,4,0,0,67.45698178809141,342.54917672052784,275.0921949324364,0.0,0.0,10.0,1.0,1.3491396357618282,275.0921949324364,1
6,2,0,0,4.141978456444363,44.772378610782525,40.63040015433816,3.858021543555637,1.0,5.0,0.8333333333333334,0.5177473070555454,10.531408312689798,0
12,3,0,0,2.7719534346431387,102.45826810477755,99.68631467013441,11.22804656535686,2.0,10.0,0.8333333333333334,0.19799667390308134,8.878331069422856,0
8,2,0,0,11.928939414660697,50.7880353391441,38.859095924483405,0.07106058533930337,0.0,8.0,1.0,0.9940782845550581,546.8445797193648,1
10,4,0,0,51.94348239458839,260.4160414088703,208.4725590142819,0.0,0.0,10.0,1.0,1.0388696478917678,208.4725590142819,1
10,2,0,0,46.28757550942943,131.52305067788646,85.23547516845703,0.0,0.0,10.0,1.0,1.5961232934286012,85.23547516845703,1
13,2,0,0,0.0,69.0709098796107,69.0709098796107,7.0,2.0,11.0,0.8461538461538461,0.0,9.867272839944386,0
13,2,0,0,0.0,62.547582115742586,62.547582115742586,7.0,2.0,11.0,0.8461538461538461,0.0,8.935368873677513,0
3,5,0,0,9.411072648413784,76.59022009126284,67.17914744284906,36.588927351586214,1.0,2.0,0.6666666666666666,0.20458853583508227,1.8360512948991026,0
12,3,0,0,2.531126118868494,103.78472052146844,101.25359440259994,11.468873881131506,2.0,10.0,0.8333333333333334,0.180794722776321,8.828555920314155,0
3,4,0,0,21.84264961995192,55.23800803919075,33.39535841923883,13.15735038004808,1.0,2.0,0.6666666666666666,0.6240757034271978,2.5381522460540267,0
13,2,0,0,0.0,62.554776888100044,62.554776888100044,7.0,2.0,11.0,0.8461538461538461,0.0,8.936396698300006,0
12,3,0,0,3.4753456549262784,117.82589718273746,114.35055152781119,10.52465434507372,2.0,10.0,0.8333333333333334,0.24823897535187703,10.86501729924606,0
12,3,0,0,3.1386692935777676,114.7791620078946,111.64049271431684,10.861330706422233,2.0,10.0,0.8333333333333334,0.2241906638269834,10.27871222522527,0
8,2,1,0,21.757437547411985,117.32953230753932,95.57209476012734,6.242562452588015,0.0,8.0,1.0,0.7770513409789995,15.309753884881916,1
6,6,0,0,45.10060621301918,321.4636112275738,276.3630050145546,43.89939378698082,1.0,5.0,0.8333333333333334,0.5067483844159458,6.295371784758339,0
13,2,0,0,0.0,58.938398364526016,58.938398364526016,7.0,3.0,10.0,0.7692307692307693,0.0,8.419771194932288,0
7,7,1,0,27.456747059854422,260.97667268285454,233.51992562300012,33.54325294014558,1.0,6.0,0.8571428571428571,0.4501106075385971,6.961755499375447,0
3,7,0,0,32.10679677007692,142.21108359698027,110.10428682690335,49.89320322992308,1.0,2.0,0.6666666666666666,0.3915463020741088,2.20679931732403,0
13,2,0,0,0.0,54.439007131379654,54.439007131379654,7.0,2.0,11.0,0.8461538461538461,0.0,7.777001018768522,0
12,3,0,0,3.4299795052497157,100.32776732116321,96.89778781591349,10.570020494750285,2.0,10.0,0.8333333333333334,0.24499853608926542,9.167227997716639,0
13,2,0,0,0.0,61.29291980887087,61.29291980887087,7.0,2.0,11.0,0.8461538461538461,0.0,8.756131401267266,0
13,2,0,0,0.0,54.9275710806232,54.9275710806232,7.0,2.0,11.0,0.8461538461538461,0.0,7.8467958686604575,0
13,2,0,0,0.0,64.53584376053163,64.53584376053163,7.0,2.0,11.0,0.8461538461538461,0.0,9.21940625150452,0
9,2,1,0,11.037668034397653,74.72629437163786,63.68862633724021,2.9623319656023472,0.0,9.0,1.0,0.7884048595998323,21.49948995479649,1
13,2,0,0,0.0,69.39534639947787,69.39534639947787,7.0,2.0,11.0,0.8461538461538461,0.0,9.913620914211124,0
12,2,1,0,5.0,55.0,50.0,3.0,1.0,11.0,0.9166666666666666,0.625,16.666666666666668,0
10,4,0,0,52.9558419177756,229.6742931579446,176.71845124016897,0.0,0.0,10.0,1.0,1.1267200408037361,176.71845124016897,1
4,6,0,0,20.61419623262772,143.03229270209,122.41809646946227,44.38580376737228,1.0,3.0,0.75,0.3171414805019649,2.7580461787075046,0
13,2,0,0,0.0,66.20961607338211,66.20961607338211,7.0,2.0,11.0,0.8461538461538461,0.0,9.458516581911729,0
8,2,1,0,24.347375043649606,107.23288950948408,82.88551446583448,3.652624956350394,0.0,8.0,1.0,0.8695491087017716,22.692040780625746,1
13,2,0,0,0.0,55.37434688748978,55.37434688748978,7.0,3.0,10.0,0.7692307692307693,0.0,7.910620983927111,0
4,4,0,0,44.993000807814546,83.70890795698776,38.71590714917321,9.006999192185454,0.0,4.0,1.0,0.8332037186632323,4.2984246276788225,1
12,4,0,0,41.11841155106664,226.81350648036732,185.6950949293007,0.0,0.0,12.0,1.0,1.1113084202990984,185.6950949293007,1
13,2,0,0,0.0,59.840989221577885,59.840989221577885,7.0,3.0,10.0,0.7692307692307693,0.0,8.548712745939698,0
12,2,0,0,26.580753268380384,158.41784159035302,131.83708832197263,0.0,0.0,12.0,1.0,1.1556849247121905,131.83708832197263,1
9,2,1,0,11.699578401936865,74.76277748529688,63.06319908336002,2.300421598063135,0.0,9.0,1.0,0.8356841715669189,27.41375717236213,1
11,3,1,0,18.415595412833635,120.88334707574433,102.46775166291069,0.5844045871663646,0.0,11.0,1.0,0.9692418638333492,175.33700780781317,1
13,2,0,0,0.0,60.100030715370124,60.100030715370124,7.0,2.0,11.0,0.8461538461538461,0.0,8.585718673624303,0
7,7,1,0,31.1831502786234,214.6883896331089,183.5052393544855,29.8168497213766,1.0,6.0,0.8571428571428571,0.5111991848954656,6.154414066853114,0
12,3,0,0,3.0946757434746104,102.55938984286664,99.46471409939203,10.90532425652539,2.0,10.0,0.8333333333333334,0.2210482673910436,9.12074797224627,0
13,2,0,0,0.0,57.36207501223919,57.36207501223919,7.0,3.0,10.0,0.7692307692307693,0.0,8.194582144605599,0
12,3,0,0,3.400989467740768,109.40622558614626,106.00523611840549,10.599010532259232,2.0,10.0,0.8333333333333334,0.24292781912434055,10.001427566824953,0
12,3,0,0,2.756169248060078,102.58126157714251,99.82509232908244,11.243830751939921,2.0,10.0,0.8333333333333334,0.1968692320042913,8.878210151985737,0
13,2,0,0,0.0,58.85987461222439,58.85987461222439,7.0,2.0,11.0,0.8461538461538461,0.0,8.408553516032056,0
5,2,0,0,7.616511519642003,38.85492510091634,31.238413581274337,10.383488480357997,2.0,3.0,0.6,0.4231395288690002,3.0084699993038675,0
13,2,0,0,0.0,58.63762650953046,58.63762650953046,7.0,3.0,10.0,0.7692307692307693,0.0,8.376803787075781,0
6,3,0,0,13.345409473319215,97.48741808636015,84.14200861304093,14.654590526680785,1.0,5.0,0.8333333333333334,0.47662176690425767,5.741682680239228,0
4,6,0,0,13.935021576840267,167.0382779592999,153.10325638245965,49.06497842315973,1.0,3.0,0.75,0.22119081868000423,3.120418296366591,0
13,2,0,0,0.0,53.17614463898507,53.17614463898507,7.0,2.0,11.0,0.8461538461538461,0.0,7.596592091283582,0
12,3,0,0,3.270667015014883,114.8375079620829,111.56684094706802,10.729332984985117,2.0,10.0,0.8333333333333334,0.2336190725010631,10.39830165614184,0
9,3,0,0,53.96087636371173,229.45988215918294,175.4990057954712,0.03912363628826654,0.0,9.0,1.0,0.999275488216884,4485.753944300535,1
13,2,0,0,0.0,58.7664822366587,58.7664822366587,7.0,3.0,10.0,0.7692307692307693,0.0,8.3952117480941,0
6,7,0,0,37.38525446796994,236.2499577910179,198.86470332304793,30.614745532030057,1.0,5.0,0.8333333333333334,0.5497831539407345,6.495716357171409,0
9,3,0,0,8.162749807990693,86.56628138597995,78.40353157798926,10.837250192009307,1.0,8.0,0.8888888888888888,0.4296184109468786,7.23463334230292,0
6,4,0,0,13.325179679407857,108.29184027565881,94.96666059625096,22.674820320592143,1.0,5.0,0.8333333333333334,0.3701438799835516,4.188199035474031,0
12,3,0,0,2.896048963176739,115.70591669735134,112.8098677341746,11.103951036823261,2.0,10.0,0.8333333333333334,0.20686064022690995,10.15943490385279,0
12,3,0,0,3.1612447057131847,111.10097783094636,107.93973312523318,10.838755294286816,2.0,10.0,0.8333333333333334,0.2258031932652275,9.958683464523732,0
12,2,0,1,8.240910727275613,66.282849468919,58.041938741643385,0.0,0.0,12.0,1.0,1.0301138409094517,58.041938741643385,1
12,2,1,0,5.418023025726193,54.29827429219132,48.88025126646513,2.5819769742738066,0.0,12.0,1.0,0.6772528782157742,18.931327333084734,1
3,2,0,0,12.13387265602671,33.61920879848731,21.485336142460596,8.86612734397329,1.0,2.0,0.6666666666666666,0.5778034598107957,2.4233056112221485,0
12,3,0,0,2.7453715443208284,105.97291606220107,103.22754451788023,11.254628455679171,2.0,10.0,0.8333333333333334,0.19609796745148775,9.172008203059855,0
12,3,0,0,2.7347117749543592,104.39526059763251,101.66054882267815,11.26528822504564,2.0,10.0,0.8333333333333334,0.1953365553538828,9.024229721584978,0
13,2,0,0,0.0,60.1848418915884,60.1848418915884,7.0,2.0,11.0,0.8461538461538461,0.0,8.5978345559412,0
4,4,0,0,40.7806287762775,80.2426010205402,39.461972244262704,13.219371223722497,1.0,3.0,0.75,0.7551968291903242,2.985162575164482,0
7,7,1,0,32.181486161770955,247.96560826636835,215.7841221045974,28.818513838229045,1.0,6.0,0.8571428571428571,0.5275653469142779,7.487690840543975,0
12,3,0,0,2.759443224866849,120.3333228398255,117.57387961495866,11.24055677513315,2.0,10.0,0.8333333333333334,0.1971030874904892,10.45979144690241,0
7,3,1,0,5.523048791391924,45.24661656301087,39.723567771618946,5.476951208608076,1.0,6.0,0.8571428571428571,0.502095344671993,7.2528613563666156,0
7,7,1,0,33.741708290575296,254.39812152941593,220.65641323884063,27.258291709424704,1.0,6.0,0.8571428571428571,0.5531427588618901,8.09501987839346,0
13,2,0,0,0.0,49.593310306323,49.593310306323,7.0,2.0,11.0,0.8461538461538461,0.0,7.084758615189,0
10,3,0,0,22.79211445783881,147.7395553173617,124.94744085952289,7.20788554216119,0.0,10.0,1.0,0.759737148594627,17.334825883217206,1
5,3,0,0,10.015668263230857,39.89059475594062,29.87492649270976,3.9843317367691427,0.0,5.0,1.0,0.7154048759450612,7.498102182860672,1
13,2,0,0,0.0,59.79829702517206,59.79829702517206,7.0,2.0,11.0,0.8461538461538461,0.0,8.542613860738866,0
4,7,0,0,24.518183981442427,164.08260663239665,139.5644226509542,65.48181601855757,1.0,3.0,0.75,0.2724242664604714,2.131346244450545,0
10,2,0,0,1.052873132282786,43.5985272701889,42.54565413790612,5.947126867717214,1.0,9.0,0.9,0.15041044746896942,7.153984618834461,0
11,4,1,0,14.03218250762345,122.35925571220399,108.32707320458054,5.96781749237655,0.0,11.0,1.0,0.7016091253811725,18.151874339816935,1
13,2,0,0,0.0,64.43321166121993,64.43321166121993,7.0,2.0,11.0,0.8461538461538461,0.0,9.204744523031419,0
13,2,0,0,0.0,69.90080189138695,69.90080189138695,7.0,2.0,11.0,0.8461538461538461,0.0,9.985828841626708,0
13,2,0,0,0.0,61.3848060906612,61.3848060906612,7.0,2.0,11.0,0.8461538461538461,0.0,8.7692580129516,0
9,3,0,0,8.686812887400338,94.14211026051935,85.45529737311901,10.313187112599662,1.0,8.0,0.8888888888888888,0.45720067828422833,8.28602220052014,0
7,7,1,0,33.67167908386161,213.80854189197277,180.13686280811115,27.328320916138388,1.0,6.0,0.8571428571428571,0.5519947390796985,6.591581801197806,0
6,4,0,0,12.329835825277314,124.36183246415328,112.03199663887597,23.670164174722686,1.0,5.0,0.8333333333333334,0.3424954395910365,4.733046877575724,0
12,3,0,0,3.09836955586866,109.18595543081742,106.08758587494876,10.90163044413134,2.0,10.0,0.8333333333333334,0.2213121111334757,9.731350408420672,0
13,2,0,0,0.0,56.547602893403585,56.547602893403585,7.0,2.0,11.0,0.8461538461538461,0.0,8.078228984771942,0
3,7,0,0,31.837232875465318,125.76126999892246,93.92403712345714,50.16276712453468,1.0,2.0,0.6666666666666666,0.38825893750567464,1.872385486436189,0
10,4,0,0,67.4657324257476,312.50509835912226,245.03936593337465,0.0,0.0,10.0,1.0,1.349314648514952,245.03936593337465,1
10,2,1,0,39.93530424033012,124.73589146243307,84.80058722210296,0.0,0.0,10.0,1.0,1.736317575666527,84.80058722210296,1
12,4,0,0,50.584008441924,263.2151458534163,212.6311374114923,0.0,0.0,12.0,1.0,1.1496365554982726,212.6311374114923,1
9,3,0,0,51.36224555753434,227.10370862797416,175.7414630704398,2.6377544424656634,0.0,9.0,1.0,0.9511526955098951,66.6254069147407,1
3,6,0,0,20.701419683399003,105.83353055351223,85.13211087011322,52.298580316601,2.0,1.0,0.3333333333333333,0.283581091553411,1.627809213075139,0
12,3,0,0,2.9211876805877077,104.83914076740292,101.91795308681522,11.078812319412293,2.0,10.0,0.8333333333333334,0.20865626289912198,9.199357309107457,0
12,2,0,0,29.703881773725332,158.82132917299973,129.1174473992744,0.0,0.0,12.0,1.0,1.2914731205967536,129.1174473992744,1
10,2,0,0,39.93658898010834,128.4121378984719,88.47554891836357,0.0,0.0,10.0,1.0,1.3771237579347704,88.47554891836357,1
13,2,0,0,0.0,60.300206072604965,60.300206072604965,7.0,2.0,11.0,0.8461538461538461,0.0,8.614315153229281,0
12,3,0,0,3.0,106.0,103.0,11.0,2.0,10.0,0.8333333333333334,0.21428571428571427,9.363636363636363,0
9,2,0,0,34.05357531751202,202.61142031004778,168.55784499253576,1.9464246824879794,0.0,9.0,1.0,0.9459326477086673,86.59869889087102,1
13,2,0,0,0.0,49.7184707893432,49.7184707893432,7.0,2.0,11.0,0.8461538461538461,0.0,7.102638684191886,0
4,6,0,0,25.25731284871792,130.2818959897766,105.02458314105867,33.742687151282084,1.0,3.0,0.75,0.42809004828335456,3.1125139106494712,0
5,3,1,0,24.643129685238602,72.16103404713033,47.51790436189172,7.356870314761398,1.0,4.0,0.8,0.7700978026637063,6.458983552632169,0
7,2,1,0,6.857957125410319,59.19196585319592,52.3340087277856,16.14204287458968,2.0,5.0,0.7142857142857143,0.29817204893088345,3.2420932799136737,0
13,2,0,0,0.0,57.29991423037536,57.29991423037536,7.0,2.0,11.0,0.8461538461538461,0.0,8.185702032910765,0
4,4,0,0,42.68601611715188,77.3083102526504,34.62229413549852,11.31398388284812,1.0,3.0,0.75,0.790481779947257,3.06013288457884,0
12,4,0,0,52.47914579202456,240.48594975374482,188.00680396172027,0.0,0.0,12.0,1.0,1.1927078589096491,188.00680396172027,1
4,4,0,0,48.80803632434912,94.35516013156456,45.54712380721544,5.191963675650882,0.0,4.0,1.0,0.9038525245249837,8.772619889623073,1
10,4,0,0,72.92350407376455,322.9690668747167,250.04556280095215,0.0,0.0,10.0,1.0,1.458470081475291,250.04556280095215,1
8,7,0,0,44.33588538067639,297.849122850218,253.51323746954162,16.664114619323612,0.0,8.0,1.0,0.7268177931258424,15.213123724891398,1
10,2,0,0,45.08898148103537,147.06170754135172,101.97272606031635,0.0,0.0,10.0,1.0,1.3663327721525869,101.97272606031635,1
13,2,0,0,0.0,60.03417194952448,60.03417194952448,7.0,2.0,11.0,0.8461538461538461,0.0,8.576310278503497,0
13,2,0,0,0.0,61.08789736850771,61.08789736850771,7.0,2.0,11.0,0.8461538461538461,0.0,8.726842481215387,0
12,3,0,0,3.0418132691413944,105.39966672003061,102.35785345088921,10.958186730858605,2.0,10.0,0.8333333333333334,0.21727237636724245,9.340765581466705,0
11,3,0,0,25.200274958461378,160.47735679148778,135.2770818330264,0.0,0.0,11.0,1.0,1.008010998338455,135.2770818330264,1
13,2,0,0,0.0,58.79770268969806,58.79770268969806,7.0,2.0,11.0,0.8461538461538461,0.0,8.39967181281401,0
12,3,0,0,2.9721850834205052,107.74251342187598,104.77032833845549,11.027814916579494,2.0,10.0,0.8333333333333334,0.2122989345300361,9.500551934449057,0
4,4,0,0,25.49451455317173,77.71815719358015,52.22364264040843,19.50548544682827,1.0,3.0,0.75,0.5665447678482607,2.6773823590686567,0
11,3,1,0,19.163833722649755,110.5336506024137,91.36981687976395,0.0,0.0,11.0,1.0,1.008622827507882,91.36981687976395,1
13,2,0,0,0.0,58.81503488515376,58.81503488515376,7.0,2.0,11.0,0.8461538461538461,0.0,8.402147840736252,0
12,2,0,1,8.523673040849683,60.17538614814136,51.65171310729167,0.0,0.0,12.0,1.0,1.0654591301062104,51.65171310729167,1
13,2,0,0,0.0,59.99999999999999,59.99999999999999,7.0,2.0,11.0,0.8461538461538461,0.0,8.571428571428571,0
10,2,0,0,35.212157773838065,142.34012046737348,107.12796269353541,0.0,0.0,10.0,1.0,1.2142123370288989,107.12796269353541,1
12,3,0,0,2.9825573340115246,96.69747285783367,93.71491552382214,11.017442665988476,2.0,10.0,0.8333333333333334,0.21303980957225174,8.506049758091853,0
12,3,0,0,2.8960769291129185,96.22940007361942,93.3333231445065,11.103923070887081,2.0,10.0,0.8333333333333334,0.2068626377937799,8.405436758582495,0
3,5,0,0,10.783663340946504,80.88343747620324,70.09977413525674,35.216336659053496,1.0,2.0,0.6666666666666666,0.23442746393361966,1.990547024068028,0
9,5,1,0,44.1961906244789,255.76419062082599,211.56799999634708,11.803809375521098,0.0,9.0,1.0,0.7892176897228376,17.923705243419104,1
13,2,0,0,0.0,60.83380018577911,60.83380018577911,7.0,2.0,11.0,0.8461538461538461,0.0,8.69054288368273,0
5,6,1,0,26.888559918692174,232.44921409156086,205.56065417286868,44.111440081307826,1.0,4.0,0.8,0.3787121115308757,4.660030454548111,0
12,3,0,0,3.2951453376119497,115.04335913159397,111.74821379398202,10.704854662388051,2.0,10.0,0.8333333333333334,0.23536752411513925,10.439022043579348,0
12,4,0,0,35.946750247403,193.04422249787564,157.09747225047263,0.0,0.0,12.0,1.0,1.0572573602177353,157.09747225047263,1
5,6,0,0,52.964708999596695,215.34944415271877,162.38473515312208,21.035291000403305,0.0,5.0,1.0,0.7157393108053608,7.719633407971808,1
4,5,1,0,26.457235400995152,103.57995817165161,77.12272277065645,26.542764599004848,1.0,3.0,0.75,0.4991931207734934,2.9056024847369506,0
4,4,0,0,44.47222848135981,81.28540475729592,36.813176275936115,9.527771518640193,1.0,3.0,0.75,0.8235597866918483,3.863776141557822,0
9,3,0,0,49.838596366008154,219.68751080136744,169.8489144353593,4.161403633991846,0.0,9.0,1.0,0.9229369697408918,40.81529439921956,1
5,6,0,0,36.9622389502933,151.2901672935989,114.3279283433056,23.037761049706702,1.0,4.0,0.8,0.6160373158382216,4.96263191968306,0
7,7,1,0,29.6339425664981,234.2724407786178,204.6384982121197,31.3660574335019,1.0,6.0,0.8571428571428571,0.48580233715570653,6.5242021138922786,0
12,3,0,0,3.0891074025428944,111.88460415779316,108.79549675525027,10.910892597457106,2.0,10.0,0.8333333333333334,0.22065052875306387,9.971273732508939,0
12,3,0,0,2.9725294210317372,96.93178667037411,93.95925724934237,11.027470578968263,2.0,10.0,0.8333333333333334,0.2123235300736955,8.52047226755179,0
6,2,0,0,4.856422760066711,39.405249905486585,34.54882714541987,3.143577239933289,1.0,5.0,0.8333333333333334,0.6070528450083389,10.990290522065571,0
13,2,0,0,0.0,61.69105318328972,61.69105318328972,7.0,2.0,11.0,0.8461538461538461,0.0,8.813007597612817,0
12,3,0,0,2.6778511875360564,97.18623136749981,94.50838017996375,11.322148812463944,2.0,10.0,0.8333333333333334,0.19127508482400404,8.347212330924725,0
12,3,0,0,3.3061550200386494,106.69273239215403,103.38657737211538,10.693844979961352,2.0,10.0,0.8333333333333334,0.23615393000276066,9.667858246107569,0
9,2,0,0,33.40135112774289,185.41263104402836,152.01127991628547,2.598648872257108,0.0,9.0,1.0,0.9278153091039693,58.49627532951501,1
6,6,0,0,57.158691511956434,238.41971078381454,181.26101927185812,3.841308488043566,0.0,6.0,1.0,0.9370277297042038,47.18731126022554,1
6,6,0,0,55.53609154102226,237.2306715199673,181.69457997894506,5.463908458977741,0.0,6.0,1.0,0.9104277301806928,33.25359151660071,1
13,2,0,0,0.0,63.18038819527721,63.18038819527721,7.0,2.0,11.0,0.8461538461538461,0.0,9.025769742182458,0
13,2,0,0,0.0,68.728617342617,68.728617342617,7.0,2.0,11.0,0.8461538461538461,0.0,9.818373906088143,0
13,2,0,0,0.0,62.4719818184898,62.4719818184898,7.0,2.0,11.0,0.8461538461538461,0.0,8.924568831212829,0
12,3,0,0,3.30151617612372,106.45407855344156,103.15256237731784,10.69848382387628,2.0,10.0,0.8333333333333334,0.23582258400883713,9.641792619913833,0
13,2,0,0,0.0,63.641895918757115,63.641895918757115,7.0,2.0,11.0,0.8461538461538461,0.0,9.091699416965302,0
13,2,0,0,0.0,62.174021286594254,62.174021286594254,7.0,2.0,11.0,0.8461538461538461,0.0,8.882003040942037,0
10,2,0,0,34.96742425965778,156.37805219833433,121.41062793867656,0.0,0.0,10.0,1.0,1.205773250333027,121.41062793867656,1
13,2,0,0,0.0,63.37235066971067,63.37235066971067,7.0,2.0,11.0,0.8461538461538461,0.0,9.05319295281581,0
10,2,0,0,43.6088614131578,125.27313907338495,81.66427766022716,0.0,0.0,10.0,1.0,1.5037538418330274,81.66427766022716,1
13,2,0,0,0.0,54.03964341121174,54.03964341121174,7.0,2.0,11.0,0.8461538461538461,0.0,7.719949058744534,0
12,4,0,0,34.09588950508424,206.40056720203927,172.30467769695503,0.0,0.0,12.0,1.0,1.002820279561301,172.30467769695503,1
13,2,0,0,0.0,58.08877246743244,58.08877246743244,7.0,2.0,11.0,0.8461538461538461,0.0,8.298396066776062,0
13,2,0,0,0.0,57.33055414708388,57.33055414708388,7.0,3.0,10.0,0.7692307692307693,0.0,8.190079163869125,0
5,3,0,0,10.157132227204524,34.46157301761262,24.304440790408098,3.8428677727954756,0.0,5.0,1.0,0.7255094448003232,6.324558175658474,1
12,3,0,0,2.974142013109847,124.17226012225196,121.19811810914211,11.025857986890152,1.0,11.0,0.9166666666666666,0.21243871522213192,10.992171153777583,0
12,2,0,0,23.71662169127952,146.61966513746188,122.90304344618235,0.0,0.0,12.0,1.0,1.03115746483824,122.90304344618235,1
9,3,0,0,53.97513682582896,250.37568225207656,196.4005454262476,0.024863174171038338,0.0,9.0,1.0,0.9995395708486845,7899.254699949902,1
13,2,0,0,0.0,51.01029197398486,51.01029197398486,7.0,2.0,11.0,0.8461538461538461,0.0,7.287184567712123,0
3,2,0,0,12.747589799056886,35.00925038298158,22.26166058392469,8.252410200943114,1.0,2.0,0.6666666666666666,0.6070280856693755,2.6975950106528335,0
13,2,0,0,0.0,58.034414247883895,58.034414247883895,7.0,2.0,11.0,0.8461538461538461,0.0,8.290630606840557,0
13,2,0,0,0.0,62.21728831377874,62.21728831377874,7.0,2.0,11.0,0.8461538461538461,0.0,8.888184044825534,0
12,3,0,0,3.2305998165064143,114.35535323228555,111.12475341577914,10.769400183493586,2.0,10.0,0.8333333333333334,0.23075712975045817,10.318564778203864,0
6,6,1,0,29.304757615545803,230.8007423754168,201.495984759871,44.6952423844542,1.0,5.0,0.8333333333333334,0.39601023804791624,4.508219980701009,0
13,2,0,0,0.0,58.90760592598092,58.90760592598092,7.0,2.0,11.0,0.8461538461538461,0.0,8.41537227514013,0
7,5,0,0,39.88904011426118,227.7754155003151,187.8863753860539,20.110959885738822,0.0,7.0,1.0,0.6648173352376863,9.3424867064296,1
13,2,0,0,0.0,54.156312315549705,54.156312315549705,7.0,3.0,10.0,0.7692307692307693,0.0,7.736616045078529,0
12,3,0,0,34.56714428710512,190.3277866663106,155.76064237920548,0.0,0.0,12.0,1.0,1.1919704926587973,155.76064237920548,1
13,2,0,0,0.0,55.15516439286387,55.15516439286387,7.0,2.0,11.0,0.8461538461538461,0.0,7.879309198980552,0
12,3,0,0,2.8524540737440405,108.42304082250135,105.57058674875731,11.14754592625596,2.0,10.0,0.8333333333333334,0.20374671955314574,9.470298435829319,0
12,2,0,0,26.25499450211902,138.4141689301913,112.15917442807228,0.0,0.0,12.0,1.0,1.1415215000921313,112.15917442807228,1
12,2,1,0,4.97309503613341,49.6360326049368,44.66293756880339,3.02690496386659,1.0,11.0,0.9166666666666666,0.6216368795166762,14.755315446623946,0
9,3,0,0,34.98116553412043,196.28458250387095,161.30341696975051,2.0188344658795714,0.0,9.0,1.0,0.9454369063275792,79.8992783687559,1
6,3,0,0,2.79959757812958,70.1129227572057,67.31332517907612,17.20040242187042,2.0,4.0,0.6666666666666666,0.139979878906479,3.913473855326012,0
12,2,0,0,28.320411944127322,152.19937556916346,123.87896362503614,0.0,0.0,12.0,1.0,1.2313222584403183,123.87896362503614,1
13,2,0,0,0.0,56.2366133437028,56.2366133437028,7.0,2.0,11.0,0.8461538461538461,0.0,8.033801906243257,0
7,5,0,0,40.975210485706974,208.92351299866206,167.94830251295508,19.024789514293026,0.0,7.0,1.0,0.6829201747617829,8.827866525765142,1
12,2,0,0,22.747459808255357,148.15979129842242,125.41233149016706,0.25254019174464304,0.0,12.0,1.0,0.9890199916632764,496.60345398398294,1
10,4,0,0,68.56203014879533,317.7208874161413,249.15885726734598,0.0,0.0,10.0,1.0,1.3712406029759066,249.15885726734598,1
10,2,0,0,14.358068604626215,113.891455880646,99.5333872760198,4.641931395373785,0.0,10.0,1.0,0.7556878212961166,21.44223574161742,1
4,4,0,0,41.55081731137832,84.71838970668149,43.167572395303175,12.449182688621683,1.0,3.0,0.75,0.7694595798403392,3.4675025240618824,0
12,3,0,0,3.047708362851994,99.55091890756694,96.50321054471495,10.952291637148006,2.0,10.0,0.8333333333333334,0.21769345448942815,8.81123455637313,0
12,2,0,1,7.52162058426448,58.87833084581862,51.356710261554134,0.4783794157355201,0.0,12.0,1.0,0.94020257303306,107.35560221083495,1
12,2,1,0,5.113869084238367,53.34914790916345,48.23527882492508,2.8861309157616333,1.0,11.0,0.9166666666666666,0.6392336355297958,16.712782695166158,0
13,2,0,0,0.0,56.878595365816395,56.878595365816395,7.0,3.0,10.0,0.7692307692307693,0.0,8.125513623688056,0
5,3,1,0,21.39288033666892,69.39626142868077,48.00338109201185,5.60711966333108,0.0,5.0,1.0,0.7923289013581082,8.561147964424569,1
12,4,0,0,41.55835183605446,234.64500573021994,193.08665389416547,0.0,0.0,12.0,1.0,1.1231986982717423,193.08665389416547,1
5,7,1,0,47.68273947671198,232.68205354460497,184.99931406789298,39.31726052328802,1.0,4.0,0.8,0.548077465249563,4.705295119895649,0
13,2,0,0,0.0,58.50482367430472,58.50482367430472,7.0,2.0,11.0,0.8461538461538461,0.0,8.357831953472102,0
10,2,1,0,34.99246127860526,132.95619276438362,97.96373148577835,0.0,0.0,10.0,1.0,1.5214113599393593,97.96373148577835,1
11,3,0,0,22.677639172911757,160.69738296964704,138.01974379673527,2.322360827088243,0.0,11.0,1.0,0.9071055669164703,59.43079222955345,1
4,6,0,0,14.064863945174801,146.3359033004261,132.2710393552513,48.9351360548252,1.0,3.0,0.75,0.22325180865356828,2.702987056315926,0
7,7,1,0,31.64879522791067,235.72977896621904,204.08098373830836,29.35120477208933,1.0,6.0,0.8571428571428571,0.5188327086542733,6.95307008087018,0
13,2,0,0,0.0,62.25333295569576,62.25333295569576,7.0,2.0,11.0,0.8461538461538461,0.0,8.893333279385109,0
13,2,0,0,0.0,63.84314704315271,63.84314704315271,7.0,2.0,11.0,0.8461538461538461,0.0,9.120449577593245,0
3,3,0,1,9.642907916851389,45.06845289470544,35.425544977854045,24.35709208314861,2.0,1.0,0.3333333333333333,0.2836149387309232,1.4544242332754949,0
12,3,0,0,31.987951604241676,196.64112895450353,164.65317735026184,0.0,0.0,12.0,1.0,1.1030328139393681,164.65317735026184,1
12,3,0,0,2.4545763815618256,100.90069027234183,98.44611389078001,11.545423618438175,2.0,10.0,0.8333333333333334,0.17532688439727326,8.526851603224019,0
12,3,0,0,2.548839946693824,107.08187066783094,104.53303072113712,11.451160053306175,2.0,10.0,0.8333333333333334,0.182059996192416,9.128597472616443,0
6,4,0,0,12.715072365318278,116.32538312747005,103.61031076215177,23.284927634681722,1.0,5.0,0.8333333333333334,0.3531964545921744,4.449672869407138,0
3,3,0,0,18.481628366592695,62.1094401298346,43.62781176324191,18.518371633407305,1.0,2.0,0.6666666666666666,0.4995034693673701,2.355920521896048,0
10,2,1,0,36.833731401793706,115.53082062234894,78.69708922055523,0.0,0.0,10.0,1.0,1.601466582686683,78.69708922055523,1
7,7,1,0,29.956976201701416,221.31874615600316,191.36176995430174,31.043023798298584,1.0,6.0,0.8571428571428571,0.49109797051969534,6.164404962534286,0
6,6,1,0,34.009122446669465,235.12136116445834,201.11223871778887,39.990877553330535,1.0,5.0,0.8333333333333334,0.4595827357658036,5.02895287680527,0
12,3,0,0,3.0313779912032484,101.95258302063809,98.92120502943484,10.968622008796752,2.0,10.0,0.8333333333333334,0.2165269993716606,9.018562673606656,0
6,6,0,0,45.41566727123336,325.28830407361227,279.8726368023789,43.58433272876664,1.0,5.0,0.8333333333333334,0.5102883963059928,6.421404648869539,0
13,2,0,0,0.0,61.67734451640479,61.67734451640479,7.0,2.0,11.0,0.8461538461538461,0.0,8.811049216629256,0
13,2,0,0,0.0,50.5383621624795,50.5383621624795,7.0,2.0,11.0,0.8461538461538461,0.0,7.219766023211357,0
4,5,1,0,26.68563876161707,113.96589342714188,87.28025466552481,26.31436123838293,1.0,3.0,0.75,0.5035026181437183,3.316829691393579,0
7,7,1,0,34.0124105739959,230.29002353780203,196.27761296380612,26.9875894260041,1.0,6.0,0.8571428571428571,0.5575805012130476,7.27288420857186,0
12,3,0,0,3.0535665116097794,109.08679824726156,106.03323173565178,10.94643348839022,2.0,10.0,0.8333333333333334,0.21811189368641282,9.686555154983635,0
13,2,0,0,0.0,60.1213390978613,60.1213390978613,7.0,3.0,10.0,0.7692307692307693,0.0,8.5887627282659,0
9,2,1,1,5.0,35.0,30.0,1.0,0.0,9.0,1.0,0.8333333333333334,30.0,1
12,3,0,0,2.937563935489921,113.45465594085425,110.51709200536433,11.062436064510079,2.0,10.0,0.8333333333333334,0.20982599539213723,9.99030334375621,0
12,3,0,0,2.728019776799669,112.18447705354329,109.45645727674362,11.27198022320033,2.0,10.0,0.8333333333333334,0.19485855548569062,9.710490535767356,0
13,2,0,0,0.0,57.04497806077057,57.04497806077057,7.0,2.0,11.0,0.8461538461538461,0.0,8.14928258011008,0
4,5,1,0,30.870720081651175,85.02323472627488,54.15251464462371,23.129279918348825,1.0,3.0,0.75,0.5716800015120588,2.34129704148998,0
12,3,0,0,2.9475073011737747,103.84783842179318,100.90033112061941,11.052492698826224,2.0,10.0,0.8333333333333334,0.21053623579812678,9.12919228902409,0
12,3,0,0,2.7609398350404915,121.71058936045017,118.94964952540968,11.239060164959508,2.0,10.0,0.8333333333333334,0.19720998821717797,10.583593982018535,0
5,3,1,0,22.24966569703941,58.842956391665,36.59329069462559,4.750334302960589,0.0,5.0,1.0,0.8240616924829411,7.703308517006742,1
6,4,0,0,12.949662132742763,114.19682574257226,101.2471636098295,23.050337867257237,1.0,5.0,0.8333333333333334,0.3597128370206323,4.392437290632952,0
13,2,0,0,0.0,56.89567711432019,56.89567711432019,7.0,2.0,11.0,0.8461538461538461,0.0,8.127953873474313,0
7,2,1,0,3.6901784876944626,59.55782334625255,55.86764485855809,8.309821512305538,1.0,6.0,0.8571428571428571,0.3075148739745385,6.72308602246473,0
10,4,0,0,45.246311949191444,230.04480208017003,184.7984901309786,1.753688050808556,0.0,10.0,1.0,0.962687488280669,105.37705953221004,1
13,2,0,0,0.0,70.17658306904515,70.17658306904515,7.0,2.0,11.0,0.8461538461538461,0.0,10.025226152720736,0
12,3,0,0,2.8358026565852423,98.97867446837759,96.14287181179235,11.164197343414758,2.0,10.0,0.8333333333333334,0.20255733261323158,8.611713753743574,0
9,2,0,0,27.99996459317186,98.6733854674282,70.67342087425635,0.0,0.0,9.0,1.0,1.2173897649205156,70.67342087425635,1
5,3,0,0,10.780961006179428,37.28535869433951,26.50439768816008,3.219038993820572,0.0,5.0,1.0,0.7700686432985305,8.233636727930058,1
13,2,0,0,0.0,54.89289987193124,54.89289987193124,7.0,2.0,11.0,0.8461538461538461,0.0,7.84184283884732,0
4,5,1,0,26.395279837978396,105.80643311341024,79.41115327543184,26.604720162021604,1.0,3.0,0.75,0.4980241478863848,2.984852040984507,0
13,2,0,0,0.0,63.37528151542726,63.37528151542726,7.0,3.0,10.0,0.7692307692307693,0.0,9.053611645061038,0
7,3,1,0,38.56731399414254,129.2405385679647,90.67322457382217,8.432686005857462,0.0,7.0,1.0,0.8205811488115433,10.752591109266877,1
3,4,0,0,21.260751316087767,52.78437668054933,31.523625364461562,13.739248683912233,1.0,2.0,0.6666666666666666,0.6074500376025076,2.294421339164905,0
12,3,0,0,2.9944887985351727,105.13505771917063,102.14056892063546,11.005511201464827,2.0,10.0,0.8333333333333334,0.2138920570382266,9.280856386483947,0
11,3,0,0,25.01259392512082,147.78898507886225,122.77639115374143,0.0,0.0,11.0,1.0,1.000503757004833,122.77639115374143,1
13,2,0,0,0.0,58.53789577652263,58.53789577652263,7.0,2.0,11.0,0.8461538461538461,0.0,8.362556539503233,0
3,3,0,0,21.792003040173544,68.0004030860593,46.20840004588575,15.207996959826456,1.0,2.0,0.6666666666666666,0.5889730551398256,3.0384277540263955,0
12,3,0,0,3.0071718715409173,124.49691198179264,121.48974011025172,10.992828128459083,2.0,10.0,0.8333333333333334,0.21479799082435122,11.051727425422916,0
10,4,0,0,52.67566845179654,272.9402556195992,220.2645871678027,0.0,0.0,10.0,1.0,1.0535133690359308,220.2645871678027,1
4,6,0,0,21.963743339351783,132.4767700821922,110.51302674284041,37.03625666064822,1.0,3.0,0.75,0.37226683626019974,2.983914593622059,0
13,2,0,0,0.0,60.97763270196123,60.97763270196123,7.0,3.0,10.0,0.7692307692307693,0.0,8.711090385994462,0
7,2,1,0,4.071906762825757,57.74460139947213,53.672694636646376,7.928093237174243,1.0,6.0,0.8571428571428571,0.33932556356881305,6.76993736463379,0
3,4,0,0,19.61802002945094,56.46564520662727,36.84762517717633,15.381979970549061,1.0,2.0,0.6666666666666666,0.5605148579843126,2.3955059912785113,0
5,3,1,0,22.638192548666524,72.10821914792272,49.4700265992562,4.361807451333476,0.0,5.0,1.0,0.838451575876538,11.341634666640868,1
10,4,0,0,62.947186886735544,322.1666692548413,259.21948236810573,0.0,0.0,10.0,1.0,1.2589437377347108,259.21948236810573,1
13,2,0,0,0.0,67.64538555086588,67.64538555086588,7.0,2.0,11.0,0.8461538461538461,0.0,9.663626507266555,0
6,4,0,0,12.133138249629724,124.68211345414079,112.54897520451107,23.866861750370276,1.0,5.0,0.8333333333333334,0.3370316180452701,4.715700638889608,0
6,2,0,0,27.424665251898716,122.49104599040469,95.06638073850597,6.575334748101284,0.0,6.0,1.0,0.8066078015264329,14.45802904041618,1
12,2,0,1,8.679198908685816,60.4549192896941,51.775720381008284,0.0,0.0,12.0,1.0,1.084899863585727,51.775720381008284,1
6,3,0,0,2.958285976655031,69.87788566492496,66.91959968826993,17.04171402334497,2.0,4.0,0.6666666666666666,0.14791429883275156,3.9268115634729366,0
12,3,0,0,3.2967571766571586,102.64093771019303,99.34418053353588,10.70324282334284,2.0,10.0,0.8333333333333334,0.23548265547551134,9.281689874107581,0
5,6,0,0,40.001288286918296,141.321439789966,101.32015150304771,19.998711713081704,1.0,4.0,0.8,0.6666881381153049,5.066333919738011,0
12,3,0,0,3.1572347629811603,102.96604158588951,99.80880682290835,10.84276523701884,2.0,10.0,0.8333333333333334,0.2255167687843686,9.205106321231229,0
3,3,0,1,9.998213402727531,48.35759291777836,38.35937951505083,24.00178659727247,2.0,1.0,0.3333333333333333,0.2940651000802215,1.5981885081592193,0
13,2,0,0,0.0,60.19884799873622,60.19884799873622,7.0,3.0,10.0,0.7692307692307693,0.0,8.599835428390888,0
13,2,0,0,0.0,51.13161708780509,51.13161708780509,7.0,2.0,11.0,0.8461538461538461,0.0,7.3045167268292985,0
13,2,0,0,0.0,65.3733467593762,65.3733467593762,7.0,2.0,11.0,0.8461538461538461,0.0,9.339049537053743,0
3,7,0,0,25.481586834548622,133.38644541622674,107.90485858167811,52.51841316545138,1.0,2.0,0.6666666666666666,0.3266870106993413,2.0546100325183105,0
12,3,0,0,2.937573138145081,123.77431566991464,120.83674253176956,11.062426861854918,2.0,10.0,0.8333333333333334,0.20982665272464865,10.923167587072117,0
12,3,0,0,2.6898514842945453,109.8097210993647,107.11986961507014,11.310148515705455,2.0,10.0,0.8333333333333334,0.1921322488781818,9.471128470711216,0
12,3,0,0,3.3582761575759847,110.70406339423367,107.34578723665769,10.641723842424016,1.0,11.0,0.9166666666666666,0.23987686839828462,10.087255488506083,0
12,3,0,0,3.1748859088284505,117.77994258258968,114.60505667376123,10.82511409117155,2.0,10.0,0.8333333333333334,0.2267775649163179,10.586960627715479,0
12,3,0,0,3.023160895608096,103.93344318964276,100.91028229403466,10.976839104391903,2.0,10.0,0.8333333333333334,0.21594006397200685,9.193018257292286,0
6,2,0,0,4.979144309592668,37.84191334146395,32.86276903187128,3.0208556904073323,1.0,5.0,0.8333333333333334,0.6223930386990835,10.878629236155291,0
3,2,0,0,16.615004827431648,39.8983994696971,23.28339464226545,5.3849951725683525,0.0,3.0,1.0,0.755227492155984,4.323754041762776,1
13,2,0,0,0.0,61.65247958326699,61.65247958326699,7.0,2.0,11.0,0.8461538461538461,0.0,8.807497083323856,0
12,3,0,0,3.3509266897894303,93.98442530046268,90.63349861067324,10.64907331021057,2.0,10.0,0.8333333333333334,0.23935190641353074,8.510928225442097,0
13,2,0,0,0.0,54.375377894045776,54.375377894045776,7.0,3.0,10.0,0.7692307692307693,0.0,7.767911127720825,0
10,2,1,0,34.25266962064264,130.8771269913404,96.62445737069774,0.0,0.0,10.0,1.0,1.4892465052453323,96.62445737069774,1
12,3,0,0,3.1285686295427997,122.17014325006667,119.04157462052387,10.8714313704572,2.0,10.0,0.8333333333333334,0.2234691878244857,10.949944911947465,0
3,4,0,0,21.299305909152675,58.60309878053461,37.30379287138193,13.700694090847325,1.0,2.0,0.6666666666666666,0.6085515974043622,2.7227666440857567,0
13,2,0,0,0.0,67.25554904975873,67.25554904975873,7.0,3.0,10.0,0.7692307692307693,0.0,9.607935578536962,0
13,2,0,0,0.0,56.250718595692206,56.250718595692206,7.0,2.0,11.0,0.8461538461538461,0.0,8.035816942241743,0
12,2,0,0,24.614591980734048,163.4288962033046,138.81430422257054,0.0,0.0,12.0,1.0,1.070199651336263,138.81430422257054,1
13,2,0,0,0.0,57.95772107162016,57.95772107162016,7.0,2.0,11.0,0.8461538461538461,0.0,8.27967443880288,0
13,2,0,0,0.0,52.11466073135162,52.11466073135162,7.0,2.0,11.0,0.8461538461538461,0.0,7.444951533050231,0
6,2,0,0,19.386968633399498,73.32064137497626,53.933672741576764,4.613031366600502,0.0,6.0,1.0,0.807790359724979,11.69159029181332,1
13,2,0,0,0.0,58.84763852479078,58.84763852479078,7.0,2.0,11.0,0.8461538461538461,0.0,8.40680550354154,0
9,2,0,0,34.03504534760431,94.59783623314718,60.56279088554287,0.0,0.0,9.0,1.0,1.4797845803306222,60.56279088554287,1
13,2,0,0,0.0,59.35355970557957,59.35355970557957,7.0,2.0,11.0,0.8461538461538461,0.0,8.47907995793994,0
11,3,1,0,22.620972120932596,125.9416235316508,103.32065141071821,0.0,0.0,11.0,1.0,1.190577480049084,103.32065141071821,1
12,3,0,0,3.2824223354440836,101.11591780897302,97.83349547352894,10.717577664555916,2.0,10.0,0.8333333333333334,0.23445873824600597,9.128321579331674,0
12,2,0,1,8.405913811052732,64.60084581183122,56.194932000778486,0.0,0.0,12.0,1.0,1.0507392263815916,56.194932000778486,1
12,3,0,0,2.7382813982358085,113.52686751386267,110.78858611562686,11.26171860176419,2.0,10.0,0.8333333333333334,0.1955915284454149,9.837626922969946,0
13,2,0,0,0.0,55.930588902515844,55.930588902515844,7.0,2.0,11.0,0.8461538461538461,0.0,7.990084128930834,0
12,3,0,0,2.549217237475447,92.73326394772411,90.18404671024867,11.450782762524554,2.0,10.0,0.8333333333333334,0.1820869455339605,7.875797539832621,0
13,2,0,0,0.0,64.0055829624785,64.0055829624785,7.0,2.0,11.0,0.8461538461538461,0.0,9.1436547089255,0
10,4,0,0,66.41484229286034,314.2821473107832,247.8673050179229,0.0,0.0,10.0,1.0,1.3282968458572069,247.8673050179229,1
3,3,0,1,0.9943442957275503,30.36982643614357,29.37548214041602,13.00565570427245,1.0,2.0,0.6666666666666666,0.07102459255196789,2.258669828601257,0
12,3,0,0,2.7479049859104707,100.55007806112528,97.80217307521481,11.25209501408953,2.0,10.0,0.8333333333333334,0.19627892756503362,8.69190785829216,0
13,2,0,0,0.0,49.97989610701536,49.97989610701536,7.0,2.0,11.0,0.8461538461538461,0.0,7.139985158145051,0
12,3,0,0,2.8216751527654287,113.93736690093523,111.11569174816981,11.17832484723457,2.0,10.0,0.8333333333333334,0.20154822519753063,9.940281148266948,0
13,2,0,0,0.0,63.60110615174224,63.60110615174224,7.0,2.0,11.0,0.8461538461538461,0.0,9.08587230739175,0
6,6,1,0,32.17720077999256,234.45539350039257,202.2781927204,41.82279922000744,1.0,5.0,0.8333333333333334,0.43482703756746705,4.836553183738905,0
12,3,0,0,3.2346461144998235,111.08800854230981,107.85336242780998,10.765353885500176,2.0,10.0,0.8333333333333334,0.23104615103570167,10.018561728200813,0
7,5,0,0,43.45156955723583,204.65187152880037,161.20030197156456,16.54843044276417,0.0,7.0,1.0,0.7241928259539304,9.74112333668778,1
5,2,0,0,11.219929506908334,59.00051107675323,47.78058156984489,8.780070493091666,1.0,4.0,0.8,0.5609964753454167,5.441935985302123,0
12,3,0,0,3.4387817331995505,114.75577366346334,111.3169919302638,10.561218266800449,2.0,10.0,0.8333333333333334,0.24562726665711074,10.540165832969533,0
5,3,0,0,25.36560002155936,103.99495377146681,78.62935374990745,15.63439997844064,1.0,4.0,0.8,0.6186731712575454,5.029253048299578,0
6,3,0,0,3.205452310087002,69.71619162649498,66.51073931640798,16.794547689913,2.0,4.0,0.6666666666666666,0.1602726155043501,3.9602578494183027,0
13,2,0,0,0.0,63.7906881878468,63.7906881878468,7.0,2.0,11.0,0.8461538461538461,0.0,9.112955455406686,0
12,2,0,1,8.0,56.0,48.0,0.0,0.0,12.0,1.0,1.0,48.0,1
3,5,1,0,13.38344490917303,108.50964085716842,95.1261959479954,36.61655509082697,1.0,2.0,0.6666666666666666,0.26766889818346057,2.5979012966139465,0
13,2,0,0,0.0,56.69742495210996,56.69742495210996,7.0,2.0,11.0,0.8461538461538461,0.0,8.099632136015709,0
12,3,0,0,2.9738420578821407,114.60886909994059,111.63502704205845,11.026157942117859,2.0,10.0,0.8333333333333334,0.21241728984872435,10.124562665262898,0
3,3,0,0,19.042184954231438,63.07053964971168,44.02835469548024,17.957815045768562,1.0,2.0,0.6666666666666666,0.5146536474116605,2.451765684370089,0
11,3,0,0,24.497294250444728,169.14281001332756,144.64551576288284,0.5027057495552718,0.0,11.0,1.0,0.9798917700177892,287.7339594600743,1
5,6,0,0,34.20125224495692,162.98981167859654,128.78855943363962,25.79874775504308,1.0,4.0,0.8,0.570020870749282,4.992046926326659,0
5,6,0,0,50.1773526916113,227.71823312769635,177.54088043608505,23.822647308388703,0.0,5.0,1.0,0.678072333670423,7.452609197365203,1
12,3,0,0,3.231007373163753,101.45559169128532,98.22458431812157,10.768992626836248,2.0,10.0,0.8333333333333334,0.2307862409402681,9.121055954049654,0
13,2,0,0,0.0,65.12676723865079,65.12676723865079,7.0,2.0,11.0,0.8461538461538461,0.0,9.303823891235826,0
12,3,0,0,2.791297256905782,115.96806577301423,113.17676851610845,11.208702743094218,2.0,10.0,0.8333333333333334,0.19937837549327014,10.097222766108029,0
4,5,1,0,29.560558430696556,88.9288127887733,59.36825435807674,24.439441569303444,1.0,3.0,0.75,0.5474177487166029,2.4291984818771297,0
3,3,0,0,18.30977243303758,67.23615542174697,48.92638298870939,18.69022756696242,1.0,2.0,0.6666666666666666,0.4948587144064211,2.617752128133185,0
5,6,0,0,40.57212259347503,139.69305601877397,99.12093342529894,19.42787740652497,1.0,4.0,0.8,0.6762020432245838,5.1019950018836635,0
12,3,0,0,3.291076822100856,104.05099185618693,100.75991503408606,10.708923177899145,2.0,10.0,0.8333333333333334,0.23507691586434687,9.408967956930748,0
13,2,0,0,0.0,56.761832330462745,56.761832330462745,7.0,2.0,11.0,0.8461538461538461,0.0,8.108833190066106,0
13,2,0,0,0.0,59.39305456375887,59.39305456375887,7.0,3.0,10.0,0.7692307692307693,0.0,8.484722080536981,0
7,2,1,0,6.351218925871807,59.179214655322234,52.82799572945043,16.648781074128195,2.0,5.0,0.7142857142857143,0.2761399532987742,3.1730848939772454,0
12,3,0,0,2.974048918013382,89.31422040763883,86.34017148962545,11.025951081986618,2.0,10.0,0.8333333333333334,0.21243206557238442,7.830632554744563,0
8,2,1,0,23.08827431863489,108.83848916134893,85.75021484271404,4.911725681365109,0.0,8.0,1.0,0.8245812256655318,17.45826628063675,1
12,3,0,0,3.1250749892832284,117.03030409313708,113.90522910385384,10.874925010716773,2.0,10.0,0.8333333333333334,0.22321964209165918,10.474116280489762,0
13,2,0,0,0.0,64.40501967167727,64.40501967167727,7.0,2.0,11.0,0.8461538461538461,0.0,9.200717095953895,0
13,2,0,0,0.0,64.58966326517405,64.58966326517405,7.0,3.0,10.0,0.7692307692307693,0.0,9.227094752167721,0
13,2,0,0,0.0,59.71188050867304,59.71188050867304,7.0,2.0,11.0,0.8461538461538461,0.0,8.530268644096148,0
10,5,0,0,58.01237650757261,398.98719958699763,340.97482307942505,4.987623492427389,0.0,10.0,1.0,0.9208313731360732,68.36418659049154,1
13,2,0,0,0.0,63.33909607827726,63.33909607827726,7.0,2.0,11.0,0.8461538461538461,0.0,9.04844229689675,0
13,2,0,0,0.0,52.965335055094464,52.965335055094464,7.0,2.0,11.0,0.8461538461538461,0.0,7.566476436442066,0
4,4,0,0,47.69826269998621,83.39603576345792,35.69777306347171,6.301737300013791,0.0,4.0,1.0,0.8833011611108558,5.664751062122756,1
12,3,0,0,3.0422882993496465,117.82333091941038,114.78104262006073,10.957711700650353,2.0,10.0,0.8333333333333334,0.21730630709640333,10.474909885906957,0
13,2,0,0,0.0,55.67352971571308,55.67352971571308,7.0,2.0,11.0,0.8461538461538461,0.0,7.953361387959012,0
12,3,0,0,2.855873556187583,113.8324504266391,110.97657687045151,11.144126443812418,2.0,10.0,0.8333333333333334,0.20399096829911306,9.958302019452526,0
12,3,0,0,3.0909294334041357,104.30767106915742,101.21674163575328,10.909070566595865,2.0,10.0,0.8333333333333334,0.22078067381458114,9.278218617971374,0
13,2,0,0,0.0,55.02401837529706,55.02401837529706,7.0,2.0,11.0,0.8461538461538461,0.0,7.860574053613866,0
4,4,0,0,46.903498521684206,93.61358416572108,46.71008564403687,7.096501478315794,0.0,4.0,1.0,0.868583305957115,6.582128642791819,1
6,2,1,0,1.8646967683592022,24.48007401143312,22.61537724307392,5.135303231640798,1.0,5.0,0.8333333333333334,0.26638525262274315,4.403902987408984,0
6,2,0,0,4.3042644369716765,44.13079015269264,39.82652571572096,3.6957355630283235,1.0,5.0,0.8333333333333334,0.5380330546214596,10.77634615261453,0
10,2,0,0,15.09525258135464,117.02639802663978,101.93114544528514,3.9047474186453606,0.0,10.0,1.0,0.7944869779660336,26.104414579688026,1
13,2,0,0,0.0,55.577902427013115,55.577902427013115,7.0,2.0,11.0,0.8461538461538461,0.0,7.939700346716159,0
6,3,0,0,2.7644575493612296,68.13347651733781,65.36901896797659,17.23554245063877,1.0,5.0,0.8333333333333334,0.13822287746806147,3.7926870683175933,0
5,2,0,0,8.767275561701982,42.16365255759804,33.39637699589606,9.232724438298018,1.0,4.0,0.8,0.487070864538999,3.6171746724472187,0
13,2,0,0,0.0,61.01080672839104,61.01080672839104,7.0,2.0,11.0,0.8461538461538461,0.0,8.715829532627291,0
12,3,0,0,3.2567888586647253,102.4096091926697,99.15282033400499,10.743211141335275,2.0,10.0,0.8333333333333334,0.23262777561890896,9.229346703659896,0
13,2,0,0,0.0,55.21876542913918,55.21876542913918,7.0,3.0,10.0,0.7692307692307693,0.0,7.888395061305597,0
3,5,1,0,13.657212835440017,110.2936227168029,96.63640988136288,36.34278716455998,1.0,2.0,0.6666666666666666,0.2731442567088003,2.659025832107858,0
12,4,0,0,52.64205283984802,230.42557423714834,177.78352139730032,0.0,0.0,12.0,1.0,1.1964102918147277,177.78352139730032,1
13,2,0,0,0.0,63.756458910684216,63.756458910684216,7.0,2.0,11.0,0.8461538461538461,0.0,9.108065558669173,0
12,3,0,0,2.9088174683041155,121.62636733674394,118.71754986843982,11.091182531695885,2.0,10.0,0.8333333333333334,0.20777267630743682,10.703777485328919,0
13,2,0,0,0.0,63.077354687427764,63.077354687427764,7.0,2.0,11.0,0.8461538461538461,0.0,9.011050669632537,0
12,3,0,0,2.8080229147070535,114.32180613965333,111.51378322494628,11.191977085292947,2.0,10.0,0.8333333333333334,0.2005730653362181,9.963725119798834,0
13,2,0,0,0.0,61.31133132344186,61.31133132344186,7.0,2.0,11.0,0.8461538461538461,0.0,8.758761617634551,0
12,3,0,0,3.1278601917133546,102.97156036253838,99.84370017082503,10.872139808286645,2.0,10.0,0.8333333333333334,0.22341858512238247,9.183445203190367,0
5,3,0,0,10.34765102718032,38.4401339916416,28.092482964461283,3.6523489728196807,0.0,5.0,1.0,0.73911793051288,7.691620700410062,1
4,6,0,0,22.400276917771524,127.29307193824341,104.8927950204719,36.59972308222848,1.0,3.0,0.75,0.3796657104707038,2.8659450451253305,0
12,3,0,0,2.95795798444989,109.1333339190673,106.1753759346174,11.04204201555011,2.0,10.0,0.8333333333333334,0.21128271317499214,9.61555623362911,0
12,3,0,0,2.6566763239769253,112.08952577085938,109.43284944688246,11.343323676023076,2.0,10.0,0.8333333333333334,0.18976259456978037,9.647335522849964,0
13,2,0,0,0.0,50.92295892619,50.92295892619,7.0,2.0,11.0,0.8461538461538461,0.0,7.274708418027143,0
13,2,0,0,0.0,60.27596739408387,60.27596739408387,7.0,2.0,11.0,0.8461538461538461,0.0,8.610852484869124,0
13,2,0,0,0.0,56.54365201616954,56.54365201616954,7.0,2.0,11.0,0.8461538461538461,0.0,8.077664573738506,0
13,2,0,0,0.0,62.94823190486132,62.94823190486132,7.0,2.0,11.0,0.8461538461538461,0.0,8.992604557837332,0
13,2,0,0,0.0,63.6402263398647,63.6402263398647,7.0,3.0,10.0,0.7692307692307693,0.0,9.091460905694957,0
7,7,1,0,29.7405112947061,247.70645144481836,217.96594015011226,31.2594887052939,1.0,6.0,0.8571428571428571,0.48754936548698524,6.972792875949983,0
9,3,0,0,49.30603148477273,245.116409305511,195.81037782073827,4.693968515227269,0.0,9.0,1.0,0.9130746571254209,41.71531555559607,1
13,2,0,0,0.0,58.27605336714003,58.27605336714003,7.0,2.0,11.0,0.8461538461538461,0.0,8.325150481020005,0
13,2,0,0,0.0,63.157672811151386,63.157672811151386,7.0,3.0,10.0,0.7692307692307693,0.0,9.02252468730734,0
6,4,0,0,13.253379906872203,119.01939045186452,105.76601054499233,22.746620093127795,1.0,5.0,0.8333333333333334,0.3681494418575612,4.64974620897398,0
7,7,1,0,31.202478676589664,202.8611143932702,171.65863571668055,29.797521323410336,1.0,6.0,0.8571428571428571,0.5115160438785191,5.760836072690967,0
4,4,0,0,50.81514947651997,85.42885158967991,34.61370211315994,3.18485052348003,0.0,4.0,1.0,0.9410212866022216,10.868234429833823,1
7,7,1,0,31.38260234114413,212.5365210197063,181.15391867856218,29.61739765885587,1.0,6.0,0.8571428571428571,0.5144688908384283,6.116469811600599,0
12,3,0,0,29.754624726287116,194.86877715925397,165.11415243296685,0.0,0.0,12.0,1.0,1.0260215422857626,165.11415243296685,1
12,3,0,0,2.7532714846916915,111.45921269580171,108.70594121111002,11.246728515308309,2.0,10.0,0.8333333333333334,0.1966622489065494,9.66556106188094,0
7,4,1,0,30.79121377566368,214.9527211295159,184.16150735385222,20.20878622433632,0.0,7.0,1.0,0.6037492897188957,9.112942524577589,1
7,3,1,0,44.02623298037142,126.86796321593974,82.84173023556832,2.973767019628582,0.0,7.0,1.0,0.9367283612844982,27.857505207625547,1
12,3,0,0,3.2944551896732763,113.94757428024366,110.65311909057039,10.705544810326725,2.0,10.0,0.8333333333333334,0.23531822783380546,10.33605678655726,0
12,3,0,0,2.9745405111479064,127.73300970813682,124.75846919698891,11.025459488852093,2.0,10.0,0.8333333333333334,0.2124671793677076,11.315489329323004,0
3,2,0,0,13.786313201735943,38.12135523734009,24.335042035604147,7.213686798264057,1.0,2.0,0.6666666666666666,0.6564911048445687,3.3734542011804938,0
12,3,0,0,2.7303911393971667,108.94760241943277,106.2172112800356,11.269608860602833,2.0,10.0,0.8333333333333334,0.19502793852836905,9.425101846378885,0
3,3,1,0,2.7824181673602872,23.808966489018566,21.02654832165828,22.217581832639713,3.0,0.0,0.0,0.11129672669441149,0.9463922977778034,0
12,3,0,0,2.7297493332321636,98.6241943044867,95.89444497125454,11.270250666767836,2.0,10.0,0.8333333333333334,0.19498209523086882,8.508634617508099,0
12,3,0,0,3.0487261053166375,104.44833472694074,101.39960862162411,10.951273894683363,2.0,10.0,0.8333333333333334,0.21776615037975983,9.259161043433652,0
9,5,1,0,44.61245956757176,225.52069365550273,180.90823408793096,11.387540432428239,0.0,9.0,1.0,0.7966510637066386,15.886506411231661,1
6,6,1,0,33.16755914071018,277.2044134475754,244.03685430686522,40.83244085928982,1.0,5.0,0.8333333333333334,0.4482102586582457,5.976543384898927,0
13,2,0,0,0.0,58.17891721178844,58.17891721178844,7.0,2.0,11.0,0.8461538461538461,0.0,8.311273887398348,0
10,2,1,0,33.59209276036364,128.03521646524135,94.4431237048777,0.0,0.0,10.0,1.0,1.4605257721897236,94.4431237048777,1
12,3,0,0,3.1661781790189627,97.28201544059118,94.11583726157222,10.833821820981036,2.0,10.0,0.8333333333333334,0.2261555842156402,8.68722403014837,0
10,4,0,0,49.64279368048679,264.0612775143981,214.41848383391132,0.0,0.0,10.0,1.0,1.0562296527763146,214.41848383391132,1
11,4,1,0,24.721009195550238,237.93027876642253,213.2092695708723,15.278990804449762,1.0,10.0,0.9090909090909091,0.618025229888756,13.95440787285365,0
10,4,0,0,51.984468982877104,251.60983004855436,199.62536106567725,0.0,0.0,10.0,1.0,1.0396893796575422,199.62536106567725,1
12,3,0,0,2.7177537537169547,113.31738820953714,110.5996344558202,11.282246246283044,2.0,10.0,0.8333333333333334,0.1941252681226396,9.802980013156285,0
13,2,0,0,0.0,69.63769006301281,69.63769006301281,7.0,2.0,11.0,0.8461538461538461,0.0,9.948241437573259,0
12,3,0,0,2.9875264356416857,114.75780649887528,111.7702800632336,11.012473564358315,2.0,10.0,0.8333333333333334,0.21339474540297756,10.14942550463651,0
13,2,0,0,0.0,68.88148270357067,68.88148270357067,7.0,2.0,11.0,0.8461538461538461,0.0,9.84021181479581,0
3,2,0,0,11.391566406666954,32.62507639901702,21.233509992350065,9.608433593333046,1.0,2.0,0.6666666666666666,0.5424555431746169,2.209882577227078,0
13,2,0,0,0.0,65.4743610638925,65.4743610638925,7.0,3.0,10.0,0.7692307692307693,0.0,9.353480151984643,0
12,3,0,0,2.502676087143235,108.44372763680997,105.94105154966674,11.497323912856764,2.0,10.0,0.8333333333333334,0.1787625776530882,9.21440957501417,0
13,2,0,0,0.0,67.90363052085635,67.90363052085635,7.0,2.0,11.0,0.8461538461538461,0.0,9.700518645836622,0
3,2,0,0,11.191082113289223,35.76586284124808,24.574780727958856,9.808917886710777,1.0,2.0,0.6666666666666666,0.5329086720613916,2.5053508462185237,0
12,3,0,0,2.84372019842305,106.3808102042989,103.53709000587585,11.15627980157695,2.0,10.0,0.8333333333333334,0.20312287131593212,9.280610727533096,0
4,4,0,0,30.73319655713936,94.54972683711397,63.8165302799746,22.26680344286064,1.0,3.0,0.75,0.5798716331535728,2.865994234140328,0
3,4,0,0,19.882350926889494,49.88269544156094,30.000344514671447,15.117649073110506,1.0,2.0,0.6666666666666666,0.5680671693396998,1.9844583221628374,0
6,4,0,0,12.16223460694992,104.75797842333085,92.59574381638093,23.83776539305008,1.0,5.0,0.8333333333333334,0.3378398501930533,3.884413756474728,0
8,3,0,0,44.171346910100745,250.6519307514851,206.48058384138437,5.828653089899255,0.0,8.0,1.0,0.8834269382020149,35.42509404088643,1
9,2,1,1,4.804665085337968,33.024277829266914,28.21961274392895,1.1953349146620322,0.0,9.0,1.0,0.8007775142229946,23.608122207245767,1
7,3,1,0,36.112581873714845,129.5556307175488,93.44304884383396,10.887418126285155,1.0,6.0,0.8571428571428571,0.7683528058237201,8.58266374635115,0
4,6,0,0,18.06423345508022,143.52133988384375,125.45710642876352,46.93576654491978,1.0,3.0,0.75,0.2779112839243111,2.6729531797183936,0
5,3,1,0,19.274256388584636,63.51890580441281,44.24464941582818,7.725743611415364,1.0,4.0,0.8,0.7138613477253569,5.726911432894744,0
3,2,0,0,14.29293218962995,38.59532351662982,24.302391326999867,7.7070678103700505,1.0,2.0,0.6666666666666666,0.6496787358922704,3.1532603481573624,0
13,2,0,0,0.0,63.027351897688085,63.027351897688085,7.0,3.0,10.0,0.7692307692307693,0.0,9.00390741395544,0
13,2,0,0,0.0,66.08223749322248,66.08223749322248,7.0,2.0,11.0,0.8461538461538461,0.0,9.440319641888925,0
6,2,0,0,21.623179343694623,69.85096523384131,48.227785890146684,2.3768206563053766,0.0,6.0,1.0,0.9009658059872759,20.290881334359426,1
12,3,0,0,3.216559349526882,107.97671936837077,104.76016001884389,10.783440650473118,2.0,10.0,0.8333333333333334,0.22975423925192012,9.714910427429079,0
13,2,0,0,0.0,59.90113593975145,59.90113593975145,7.0,2.0,11.0,0.8461538461538461,0.0,8.557305134250207,0
13,2,0,0,0.0,68.67830682916785,68.67830682916785,7.0,2.0,11.0,0.8461538461538461,0.0,9.811186689881122,0
13,2,0,0,0.0,65.24782393261965,65.24782393261965,7.0,2.0,11.0,0.8461538461538461,0.0,9.321117704659951,0
13,2,0,0,0.0,60.50595062964597,60.50595062964597,7.0,2.0,11.0,0.8461538461538461,0.0,8.643707232806568,0
10,4,0,0,67.35450606583245,306.2031328052572,238.84862673942476,0.0,0.0,10.0,1.0,1.347090121316649,238.84862673942476,1
13,2,0,0,0.0,70.02384506595416,70.02384506595416,7.0,2.0,11.0,0.8461538461538461,0.0,10.003406437993451,0
12,3,0,0,3.0997786729789705,97.00184999616584,93.90207132318687,10.900221327021029,2.0,10.0,0.8333333333333334,0.22141276235564075,8.614694005378494,0
12,3,0,0,3.100315924882758,111.63664124883495,108.53632532395218,10.899684075117243,2.0,10.0,0.8333333333333334,0.22145113749162557,9.957749653655416,0
6,6,1,0,29.17634243950983,220.09797667356298,190.92163423405316,44.82365756049017,1.0,5.0,0.8333333333333334,0.39427489783121394,4.259394360587413,0
13,2,0,0,0.0,49.40080966071815,49.40080966071815,7.0,3.0,10.0,0.7692307692307693,0.0,7.057258522959736,0
7,5,0,0,40.917493339864734,252.44831272100936,211.53081938114462,19.082506660135266,0.0,7.0,1.0,0.681958222331079,11.085064616958723,1
12,3,0,0,3.1178530985489807,106.61896164253241,103.50110854398343,10.88214690145102,2.0,10.0,0.8333333333333334,0.22270379275349864,9.511092754149704,0
13,2,0,0,0.0,54.88842803325527,54.88842803325527,7.0,2.0,11.0,0.8461538461538461,0.0,7.841204004750753,0
12,3,0,0,2.465009491455834,92.50095802755696,90.03594853610113,11.534990508544166,2.0,10.0,0.8333333333333334,0.17607210653255959,7.805463599593772,0
3,2,0,0,22.123437991174022,52.457362200798,30.33392420962398,4.876562008825978,0.0,3.0,1.0,0.8193865922657045,6.220350352302155,1
6,3,0,0,19.53532665739488,116.68073083195107,97.14540417455619,9.46467334260512,0.0,6.0,1.0,0.6736319537032717,10.263999681558712,1
13,2,0,0,0.0,60.01895417511193,60.01895417511193,7.0,2.0,11.0,0.8461538461538461,0.0,8.574136310730276,0
6,4,0,0,11.98160420661387,125.59318330773222,113.61157910111835,24.01839579338613,1.0,5.0,0.8333333333333334,0.3328223390726075,4.7301901458549205,0
12,3,0,0,3.184877825469737,100.38746662424627,97.20258879877653,10.815122174530263,2.0,10.0,0.8333333333333334,0.22749127324783838,8.987655176720033,0
13,2,0,0,0.0,62.76955977116524,62.76955977116524,7.0,3.0,10.0,0.7692307692307693,0.0,8.96707996730932,0
7,5,0,0,40.169758911351764,233.57122065902166,193.40146174766988,19.830241088648236,0.0,7.0,1.0,0.6694959818558627,9.752854787952225,1
13,2,0,0,0.0,59.75993739021029,59.75993739021029,7.0,2.0,11.0,0.8461538461538461,0.0,8.537133912887183,0
3,5,0,0,10.772424660352863,76.1434509006311,65.37102624027823,35.22757533964714,1.0,2.0,0.6666666666666666,0.23418314479027963,1.8556777073074886,0
5,4,0,0,14.756751815367279,153.0052634562253,138.24851164085803,40.24324818463272,1.0,4.0,0.8,0.26830457846122324,3.4353218956527862,0
12,3,0,0,2.647896797694126,98.46091662077589,95.81301982308176,11.352103202305873,2.0,10.0,0.8333333333333334,0.18913548554958043,8.440111767449395,0
5,5,0,0,21.483500022148757,78.45089372467459,56.967393702525825,8.516499977851243,0.0,5.0,1.0,0.7161166674049586,6.689061686218544,1
13,2,0,0,0.0,65.79022809946329,65.79022809946329,7.0,2.0,11.0,0.8461538461538461,0.0,9.398604014209042,0
13,2,0,0,0.0,63.572282990296856,63.572282990296856,7.0,2.0,11.0,0.8461538461538461,0.0,9.081754712899551,0
5,5,0,0,28.453748076674053,138.27531558706886,109.8215675103948,24.546251923325947,1.0,4.0,0.8,0.536863171258001,4.474066666203852,0
13,2,0,0,0.0,63.562355346272355,63.562355346272355,7.0,2.0,11.0,0.8461538461538461,0.0,9.080336478038907,0
13,2,0,0,0.0,63.585794401136816,63.585794401136816,7.0,3.0,10.0,0.7692307692307693,0.0,9.083684914448117,0
12,3,0,0,2.822609783472264,89.07222178221907,86.24961199874681,11.177390216527737,2.0,10.0,0.8333333333333334,0.20161498453373314,7.71643561939992,0
11,4,1,0,14.266581727701777,120.97630193035073,106.70972020264895,5.733418272298223,0.0,11.0,1.0,0.7133290863850889,18.611884766585273,1
10,2,0,0,37.086214118443166,150.14303418847112,113.05682007002795,0.0,0.0,10.0,1.0,1.2788349696014885,113.05682007002795,1
13,2,0,0,0.0,56.68700297507519,56.68700297507519,7.0,2.0,11.0,0.8461538461538461,0.0,8.098143282153599,0
12,3,0,0,3.0682996539999596,116.4220122881676,113.35371263416764,10.93170034600004,2.0,10.0,0.8333333333333334,0.2191642609999971,10.369266358059685,0
13,2,0,0,0.0,52.61631494169437,52.61631494169437,7.0,3.0,10.0,0.7692307692307693,0.0,7.516616420242053,0
3,3,0,1,10.913128645333824,44.037326463911995,33.12419781857817,23.086871354666176,2.0,1.0,0.3333333333333333,0.32097437192158307,1.4347633904012425,0
7,7,1,0,32.99127869757141,232.25422685091843,199.26294815334703,28.00872130242859,1.0,6.0,0.8571428571428571,0.5408406343864166,7.114317929825281,0
12,3,0,0,3.1384641556217905,111.00663836335579,107.868174207734,10.86153584437821,2.0,10.0,0.8333333333333334,0.22417601111584218,9.931208233646364,0
13,2,0,0,0.0,61.88845341688969,61.88845341688969,7.0,2.0,11.0,0.8461538461538461,0.0,8.841207630984242,0
13,2,0,0,0.0,54.93919707184243,54.93919707184243,7.0,2.0,11.0,0.8461538461538461,0.0,7.848456724548918,0
5,3,0,0,9.395754091013492,81.9368799919301,72.54112590091661,18.604245908986506,1.0,4.0,0.8,0.3355626461076247,3.8991704504333975,0
12,3,0,0,2.829321485776194,91.86728987490665,89.03796838913046,11.170678514223805,2.0,10.0,0.8333333333333334,0.2020943918411567,7.970685780255601,0
13,2,0,0,0.0,63.494328356430415,63.494328356430415,7.0,2.0,11.0,0.8461538461538461,0.0,9.070618336632917,0
12,3,0,0,3.128811004726985,101.41098551574237,98.28217451101538,10.871188995273016,2.0,10.0,0.8333333333333334,0.22348650033764178,9.040609500372977,0
13,2,0,0,0.0,69.28519686645173,69.28519686645173,7.0,2.0,11.0,0.8461538461538461,0.0,9.897885266635962,0
13,2,0,0,0.0,63.51895603105388,63.51895603105388,7.0,2.0,11.0,0.8461538461538461,0.0,9.07413657586484,0
5,3,1,0,23.732526125785476,73.65570241547059,49.92317628968511,8.267473874214524,1.0,4.0,0.8,0.7416414414307961,6.038504269773481,0
12,3,0,0,3.2972904116272908,107.65198533956368,104.3546949279364,10.70270958837271,2.0,10.0,0.8333333333333334,0.23552074368766363,9.750306131944946,0
12,3,0,0,3.143421246687046,106.79389709973839,103.65047585305135,10.856578753312954,2.0,10.0,0.8333333333333334,0.2245300890490747,9.547250400723316,0
4,5,1,0,27.537163049301295,97.10056782133688,69.56340477203558,26.462836950698705,1.0,3.0,0.75,0.5099474638759499,2.6287206054904435,0
6,2,0,0,5.23497418383473,36.75521938996124,31.52024520612651,2.76502581616527,1.0,5.0,0.8333333333333334,0.6543717729793412,11.399620582870716,0
13,2,0,0,0.0,59.876100477456745,59.876100477456745,7.0,2.0,11.0,0.8461538461538461,0.0,8.553728639636677,0
13,2,0,0,0.0,64.13526754088436,64.13526754088436,7.0,2.0,11.0,0.8461538461538461,0.0,9.162181077269194,0
7,4,0,0,26.305876371782684,167.91469152253757,141.60881515075488,23.694123628217316,1.0,6.0,0.8571428571428571,0.5261175274356537,5.976537363133914,0
14,3,0,0,18.145213980338944,98.86787283304476,80.72265885270582,0.0,0.0,14.0,1.0,1.5121011650282454,80.72265885270582,1
3,5,1,0,12.689391744038922,106.24204105366576,93.55264930962684,37.31060825596108,1.0,2.0,0.6666666666666666,0.25378783488077844,2.5074008085804933,0
12,3,0,0,2.85527098789665,122.813868848412,119.95859786051535,11.144729012103351,2.0,10.0,0.8333333333333334,0.20394792770690356,10.763707016136367,0
13,2,0,0,0.0,59.430083110295726,59.430083110295726,7.0,2.0,11.0,0.8461538461538461,0.0,8.49001187289939,0
12,3,0,0,3.13829493468153,110.47872635132214,107.34043141664061,10.86170506531847,2.0,10.0,0.8333333333333334,0.22416392390582357,9.882466037434552,0
5,3,1,0,23.710612525014803,79.02648707891196,55.31587455389715,8.289387474985197,1.0,4.0,0.8,0.7409566414067126,6.673095535806876,0
12,3,0,0,3.207500442131442,102.59251492466713,99.38501448253568,10.792499557868558,2.0,10.0,0.8333333333333334,0.22910717443796016,9.208711471299194,0
12,3,0,0,2.7762984611794055,107.6507174248681,104.8744189636887,11.223701538820595,2.0,10.0,0.8333333333333334,0.1983070329413861,9.344013523608814,0
12,3,0,0,2.801145134771364,99.04230481896928,96.24115968419792,11.198854865228636,2.0,10.0,0.8333333333333334,0.2000817953408117,8.593839356112868,0
12,3,0,0,2.6178841687863095,102.34133967336658,99.72345550458027,11.38211583121369,2.0,10.0,0.8333333333333334,0.18699172634187924,8.761416329212196,0
12,3,0,0,2.7504997239114406,103.56658384418802,100.81608412027657,11.24950027608856,2.0,10.0,0.8333333333333334,0.19646426599367434,8.96182778310311,0
12,3,0,0,3.167028749123177,115.09557579200165,111.92854704287848,10.832971250876824,2.0,10.0,0.8333333333333334,0.22621633922308407,10.332211214335029,0
6,3,0,0,20.091592688082397,104.87404079632611,84.78244810824371,8.908407311917603,0.0,6.0,1.0,0.6928135409683585,9.517127488639003,1
8,2,1,0,21.918237822673408,110.96046347523877,89.04222565256536,6.081762177326592,0.0,8.0,1.0,0.7827942079526217,14.640859516757091,1
11,3,1,0,22.515507817956255,113.15946274696762,90.64395492901136,0.0,0.0,11.0,1.0,1.1850267272608555,90.64395492901136,1
12,3,0,0,3.3122699388638366,110.8780414440173,107.56577150515346,10.687730061136163,2.0,10.0,0.8333333333333334,0.23659070991884548,10.064416942592452,0
12,3,0,0,3.430385291245593,96.4814501927122,93.0510649014666,10.569614708754408,2.0,10.0,0.8333333333333334,0.24502752080325665,8.803638303333418,0
5,6,1,0,26.704087831293922,231.35936956326424,204.65528173197032,44.29591216870608,0.0,5.0,1.0,0.3761139131168158,4.620184385243431,1
12,2,0,0,25.719854204265204,145.97856115317114,120.25870694890594,0.0,0.0,12.0,1.0,1.1182545306202263,120.25870694890594,1
12,3,0,0,2.8235917676510196,108.72258275730323,105.8989909896522,11.17640823234898,2.0,10.0,0.8333333333333334,0.2016851262607871,9.475225742304072,0
12,3,0,0,2.6730824526537136,94.11427650728415,91.44119405463043,11.326917547346287,2.0,10.0,0.8333333333333334,0.19093446090383667,8.072910716654206,0
12,3,0,0,3.0,106.0,103.0,11.0,2.0,10.0,0.8333333333333334,0.21428571428571427,9.363636363636363,0
12,3,0,0,2.97888401876469,101.46363261429975,98.48474859553507,11.02111598123531,2.0,10.0,0.8333333333333334,0.21277742991176357,8.936005098142187,0
13,2,0,0,0.0,55.68008985128716,55.68008985128716,7.0,3.0,10.0,0.7692307692307693,0.0,7.954298550183879,0
13,2,0,0,0.0,57.27372086378814,57.27372086378814,7.0,3.0,10.0,0.7692307692307693,0.0,8.181960123398307,0
3,3,0,0,22.057434408971908,62.51157677377233,40.454142364800425,14.942565591028092,1.0,2.0,0.6666666666666666,0.5961468759181596,2.70730900382262,0
13,2,0,0,0.0,62.822722114218664,62.822722114218664,7.0,2.0,11.0,0.8461538461538461,0.0,8.974674587745524,0
9,2,0,0,28.299918313274635,90.37746118489885,62.07754287162422,0.0,0.0,9.0,1.0,1.2304312310119407,62.07754287162422,1
13,2,0,0,0.0,59.40679414818742,59.40679414818742,7.0,2.0,11.0,0.8461538461538461,0.0,8.48668487831249,0
13,2,0,0,0.0,68.40085295957194,68.40085295957194,7.0,2.0,11.0,0.8461538461538461,0.0,9.771550422795992,0
3,7,0,0,25.477339757679992,137.98068531719784,112.50334555951784,52.52266024232001,1.0,2.0,0.6666666666666666,0.3266325609958973,2.1419963314970962,0
13,2,0,0,0.0,57.365502531026465,57.365502531026465,7.0,2.0,11.0,0.8461538461538461,0.0,8.195071790146638,0
4,6,0,0,22.882816730792484,142.74941540025895,119.86659866946647,36.117183269207516,1.0,3.0,0.75,0.3878443513693641,3.3188246651466127,0
3,7,0,0,31.41476122634623,135.8474184461563,104.43265721981007,50.58523877365377,1.0,2.0,0.6666666666666666,0.3831068442237345,2.0644887669128007,0
13,2,0,0,0.0,63.8652692977964,63.8652692977964,7.0,2.0,11.0,0.8461538461538461,0.0,9.123609899685201,0
12,3,0,0,3.038518913128633,103.80378776973984,100.76526885661121,10.961481086871366,2.0,10.0,0.8333333333333334,0.2170370652234738,9.19266913458423,0
12,3,0,0,2.9634871522094723,96.50131265412409,93.53782550191463,11.036512847790528,2.0,10.0,0.8333333333333334,0.21167765372924802,8.475306176138831,0
13,2,0,0,0.0,62.13678762561694,62.13678762561694,7.0,2.0,11.0,0.8461538461538461,0.0,8.876683946516705,0
6,4,0,0,13.832298357500783,130.09473509275847,116.2624367352577,22.167701642499217,1.0,5.0,0.8333333333333334,0.3842305099305773,5.244677080656978,0
10,2,0,0,13.260518685920646,114.29257146764827,101.03205278172763,5.739481314079354,0.0,10.0,1.0,0.6979220361010866,17.60299359001115,1
13,2,0,0,0.0,67.64200961627296,67.64200961627296,7.0,2.0,11.0,0.8461538461538461,0.0,9.663144230896137,0
9,3,0,0,47.01621053472924,220.4651733976632,173.44896286293397,6.98378946527076,0.0,9.0,1.0,0.8706705654579489,24.835938100005336,1
12,3,0,0,2.64679016360409,88.32473552378028,85.67794536017618,11.35320983639591,1.0,11.0,0.9166666666666666,0.189056440257435,7.546583441584195,0
12,3,0,0,2.710336139260151,125.80066227731851,123.09032613805836,11.28966386073985,2.0,10.0,0.8333333333333334,0.1935954385185822,10.902922146877085,0
6,7,0,0,38.0816728033473,254.0712897842285,215.98961698088118,29.918327196652697,1.0,5.0,0.8333333333333334,0.560024600049225,7.2193079366097175,0
13,2,0,0,0.0,69.43484350843568,69.43484350843568,7.0,2.0,11.0,0.8461538461538461,0.0,9.919263358347953,0
12,3,0,0,2.63914913727044,107.58499932678936,104.94585018951892,11.36085086272956,2.0,10.0,0.8333333333333334,0.1885106526621743,9.23749915015649,0
6,2,1,0,1.7140703533304964,24.992534872970786,23.27846451964029,5.285929646669503,1.0,5.0,0.8333333333333334,0.24486719333292806,4.4038543975528155,0
13,2,0,0,0.0,64.97855675361782,64.97855675361782,7.0,2.0,11.0,0.8461538461538461,0.0,9.282650964802546,0
13,2,0,0,0.0,65.13272312205657,65.13272312205657,7.0,2.0,11.0,0.8461538461538461,0.0,9.304674731722368,0
10,2,0,0,0.978068730173564,47.515735275470135,46.537666545296574,6.021931269826436,1.0,9.0,0.9,0.13972410431050913,7.728030171728925,0
4,6,0,0,15.200344460572929,161.8196993174402,146.6193548568673,47.79965553942707,1.0,3.0,0.75,0.241275308897983,3.0673726243890975,0
13,2,0,0,0.0,58.953071750819,58.953071750819,7.0,2.0,11.0,0.8461538461538461,0.0,8.421867392974143,0
4,4,0,0,24.166683183703807,73.92493068747967,49.75824750377586,20.833316816296193,2.0,2.0,0.5,0.5370374040823068,2.3883977737454685,0
5,7,1,0,47.86330016244684,256.008938102721,208.14563794027416,39.13669983755316,1.0,4.0,0.8,0.5501528754304235,5.318425897028509,0
10,4,0,0,55.1207382756732,242.69124825767102,187.57050998199782,0.0,0.0,10.0,1.0,1.1727816654398553,187.57050998199782,1
13,2,0,0,0.0,64.13497983997162,64.13497983997162,7.0,2.0,11.0,0.8461538461538461,0.0,9.162139977138803,0
6,3,0,0,12.801410166115348,94.02347560631497,81.22206544019963,15.198589833884652,1.0,5.0,0.8333333333333334,0.4571932202184053,5.344052726465337,0
6,2,0,0,21.05798421810978,70.71706780877302,49.65908359066324,2.9420157818902197,0.0,6.0,1.0,0.8774160090879075,16.879271653246438,1
11,3,1,0,20.42110224316195,115.09105021234085,94.66994796917889,0.0,0.0,11.0,1.0,1.0747948549032607,94.66994796917889,1
13,2,0,0,0.0,63.57646107981316,63.57646107981316,7.0,2.0,11.0,0.8461538461538461,0.0,9.082351582830452,0
7,2,1,0,6.579408426405195,57.598934585986726,51.01952615958153,16.420591573594805,2.0,5.0,0.7142857142857143,0.28606123593066063,3.1070455611126504,0
9,3,0,0,32.34116112062163,195.01651148008503,162.6753503594634,4.658838879378372,0.0,9.0,1.0,0.8740854356924764,34.91757379280074,1
3,3,0,0,22.190890506698576,64.18665782387569,41.99576731717711,14.809109493301424,1.0,2.0,0.6666666666666666,0.5997537974783399,2.8358063890454033,0
5,3,0,0,10.690142857644553,37.64126427472085,26.951121417076294,3.3098571423554475,0.0,5.0,1.0,0.7635816326888966,8.14268418784281,1
12,3,0,0,3.2739359351788138,110.6383083238006,107.36437238862179,10.726064064821186,2.0,10.0,0.8333333333333334,0.2338525667984867,10.009670997654222,0
6,2,0,0,4.618788057535848,38.97396239637837,34.35517433884252,3.3812119424641516,1.0,5.0,0.8333333333333334,0.577348507191981,10.160609545761048,0
12,3,0,0,3.1213054122686725,104.07792738221792,100.95662196994925,10.878694587731328,2.0,10.0,0.8333333333333334,0.22295038659061947,9.280214749645161,0
12,4,0,0,49.390647271189096,298.83576072440985,249.44511345322076,0.0,0.0,12.0,1.0,1.1225147107088431,249.44511345322076,1
12,3,0,0,2.6998660706098065,99.65117114493475,96.95130507432495,11.300133929390194,1.0,11.0,0.9166666666666666,0.19284757647212905,8.579659823514753,0
3,2,0,0,14.63324491157276,41.53628905407204,26.903044142499283,7.36675508842724,0.0,3.0,1.0,0.66514749598058,3.6519531081958267,1
6,4,1,0,27.790655001441444,120.998285632728,93.20763063128655,12.209344998558556,1.0,5.0,0.8333333333333334,0.6947663750360361,7.634122112389379,0
13,2,0,0,0.0,58.56361341966459,58.56361341966459,7.0,2.0,11.0,0.8461538461538461,0.0,8.366230488523513,0
12,3,0,0,3.008918301299495,89.80303853962344,86.79412023832396,10.991081698700505,2.0,10.0,0.8333333333333334,0.2149227358071068,7.896776915832204,0
4,6,0,0,17.380857287309492,168.0425183987488,150.66166111143932,47.619142712690504,1.0,3.0,0.75,0.26739780442014605,3.1638885651607493,0
5,4,0,0,15.579160626238806,149.9837672452835,134.4046066190447,39.4208393737612,1.0,4.0,0.8,0.28325746593161466,3.409481095638603,0
10,2,0,0,14.949602295369445,105.32964470146496,90.38004240609551,4.050397704630555,0.0,10.0,1.0,0.7868211734404971,22.313868661037883,1
13,2,0,0,0.0,57.30402661017499,57.30402661017499,7.0,2.0,11.0,0.8461538461538461,0.0,8.186289515739285,0
13,2,0,0,0.0,69.65332478426409,69.65332478426409,7.0,2.0,11.0,0.8461538461538461,0.0,9.950474969180584,0
10,4,0,0,48.584582550725024,254.91238690768185,206.32780435695682,0.0,0.0,10.0,1.0,1.0337145223558515,206.32780435695682,1
10,2,0,0,0.990081151362229,47.13304686493675,46.142965713574526,6.009918848637771,1.0,9.0,0.9,0.14144016448031843,7.67780179328602,0
13,2,0,0,0.0,59.99999999999999,59.99999999999999,7.0,2.0,11.0,0.8461538461538461,0.0,8.571428571428571,0
13,2,0,0,0.0,58.67726689956701,58.67726689956701,7.0,2.0,11.0,0.8461538461538461,0.0,8.382466699938144,0
13,2,0,0,0.0,60.26776088866662,60.26776088866662,7.0,2.0,11.0,0.8461538461538461,0.0,8.609680126952375,0
12,3,0,0,3.2765881182889345,125.47359883218184,122.1970107138929,10.723411881711066,2.0,10.0,0.8333333333333334,0.2340420084492096,11.39534805357068,0
13,2,0,0,0.0,59.556436136338746,59.556436136338746,7.0,2.0,11.0,0.8461538461538461,0.0,8.508062305191249,0
8,2,0,0,13.087419365600057,56.57479252800128,43.48737316240123,0.0,0.0,8.0,1.0,1.0906182804666715,43.48737316240123,1
12,3,0,0,3.5215392880023133,106.98427546350473,103.46273617550241,10.478460711997688,1.0,11.0,0.9166666666666666,0.2515385205715938,9.873848747367928,0
12,3,0,0,2.9836923909920388,91.48853292533751,88.50484053434548,11.016307609007962,2.0,10.0,0.8333333333333334,0.2131208850708599,8.03398413293903,0
13,2,0,0,0.0,58.91963420238521,58.91963420238521,7.0,2.0,11.0,0.8461538461538461,0.0,8.417090600340744,0
12,3,0,0,2.8370208676105055,105.57253147342631,102.7355106058158,11.162979132389495,2.0,10.0,0.8333333333333334,0.2026443476864647,9.20323413556581,0
13,2,0,0,0.0,56.87109390905973,56.87109390905973,7.0,2.0,11.0,0.8461538461538461,0.0,8.124441987008533,0
9,2,1,1,5.109886277016685,34.5764020807272,29.466515803710514,0.8901137229833154,0.0,9.0,1.0,0.8516477128361141,33.10421471196984,1
3,3,0,0,20.66641814805972,61.11324147250395,40.44682332444423,16.33358185194028,1.0,2.0,0.6666666666666666,0.5585518418394518,2.4762984439717073,0
13,2,0,0,0.0,54.91847706742024,54.91847706742024,7.0,3.0,10.0,0.7692307692307693,0.0,7.845496723917178,0
13,2,0,0,0.0,52.033708764276724,52.033708764276724,7.0,2.0,11.0,0.8461538461538461,0.0,7.433386966325246,0
5,5,0,0,18.884187478291985,77.08040302800556,58.19621554971358,11.115812521708015,1.0,4.0,0.8,0.6294729159430662,5.235444141943063,0
5,3,1,0,23.38995438326966,59.81530160397618,36.42534722070652,3.610045616730339,0.0,5.0,1.0,0.8662946067877653,10.089996384504799,1
7,7,1,0,32.54254190280776,241.8518603502008,209.30931844739305,28.457458097192237,1.0,6.0,0.8571428571428571,0.5334842934886519,7.355165655784436,0
14,3,0,0,16.512727354133823,102.11168121726813,85.59895386313431,0.0,0.0,14.0,1.0,1.3760606128444852,85.59895386313431,1
13,2,0,0,0.0,66.04111529321167,66.04111529321167,7.0,3.0,10.0,0.7692307692307693,0.0,9.434445041887383,0
9,3,0,0,16.819015194699105,133.5493400562239,116.7303248615248,5.180984805300895,0.0,9.0,1.0,0.7645006906681412,22.53052831617897,1
13,2,0,0,0.0,57.46207350513104,57.46207350513104,7.0,3.0,10.0,0.7692307692307693,0.0,8.208867643590148,0
12,3,0,0,2.942621589894787,115.59672926565052,112.65410767575574,11.057378410105212,2.0,10.0,0.8333333333333334,0.21018725642105623,10.188138950983394,0
6,6,1,0,35.91665667177029,234.05205362504233,198.13539695327205,38.08334332822971,1.0,5.0,0.8333333333333334,0.4853602252941931,5.202678642092906,0
3,3,0,1,9.80363219381298,41.895019338914466,32.091387145101486,24.19636780618702,2.0,1.0,0.3333333333333333,0.2883421233474406,1.3262894415456732,0
3,2,0,0,15.32351914118889,38.786019295208725,23.462500154019835,6.676480858811111,0.0,3.0,1.0,0.6965235973267677,3.514201665545976,1
10,4,0,0,48.538917379837216,249.44294369505198,200.90402631521476,1.4610826201627845,0.0,10.0,1.0,0.9707783475967443,137.5035357636595,1
3,3,0,0,18.55835816699029,64.50948857348709,45.9511304064968,18.44164183300971,1.0,2.0,0.6666666666666666,0.5015772477564943,2.4917049589503653,0
6,6,1,0,29.870973475767578,235.99912482495714,206.12815134918955,44.12902652423242,1.0,5.0,0.8333333333333334,0.4036618037265889,4.671033276385535,0
7,2,1,0,3.7436511359350786,63.7887660681336,60.045114932198516,8.256348864064922,1.0,6.0,0.8571428571428571,0.31197092799458986,7.2725990532619,0
12,3,0,0,3.040316438886328,98.25266780970875,95.21235137082243,10.959683561113671,2.0,10.0,0.8333333333333334,0.217165459920452,8.687509163918543,0
13,2,0,0,0.0,59.0774038967698,59.0774038967698,7.0,2.0,11.0,0.8461538461538461,0.0,8.439629128109972,0
6,3,1,0,0.0,122.67674041872039,122.67674041872039,34.0,1.0,5.0,0.8333333333333334,0.0,3.6081394240800115,0
11,4,1,0,25.23935718633842,247.3312353539544,222.091878167616,14.76064281366158,1.0,10.0,0.9090909090909091,0.6309839296584605,15.046219935764643,0
5,3,1,0,20.552583878414403,64.80019269030144,44.24760881188704,6.447416121585597,0.0,5.0,1.0,0.7612068103116445,6.862843653560449,1
12,3,0,0,2.9556871834211136,100.13191092676036,97.17622374333924,11.044312816578886,2.0,10.0,0.8333333333333334,0.21112051310150812,8.798756912921341,0
3,5,1,0,13.10516432566568,107.78567442837192,94.68051010270624,36.89483567433432,1.0,2.0,0.6666666666666666,0.2621032865133136,2.5662266377451357,0
12,3,0,0,3.1357681561116375,107.14819380929723,104.01242565318559,10.864231843888362,2.0,10.0,0.8333333333333334,0.22398343972225981,9.573840760007108,0
13,2,0,0,0.0,57.4025053673958,57.4025053673958,7.0,3.0,10.0,0.7692307692307693,0.0,8.200357909627972,0
12,4,0,0,53.77216693979382,240.82608712312762,187.0539201833338,0.0,0.0,12.0,1.0,1.2220947031771323,187.0539201833338,1
3,7,0,0,27.298337488708476,154.2182420155012,126.91990452679272,50.701662511291524,1.0,2.0,0.6666666666666666,0.34997868575267277,2.5032690890269524,0
6,2,0,0,4.806562036983502,40.143474848090534,35.336912811107034,3.193437963016498,1.0,5.0,0.8333333333333334,0.6008202546229378,11.065476524155818,0
7,7,1,0,30.406953334677198,228.04857156491585,197.64161823023863,30.593046665322802,1.0,6.0,0.8571428571428571,0.49847464483077375,6.460344417225541,0
7,5,0,0,41.089252839882064,191.28687216194893,150.19761932206688,18.910747160117936,0.0,7.0,1.0,0.684820880664701,7.94244764896588,1
12,3,0,0,2.5453783225242637,94.16811514106911,91.62273681854485,11.454621677475735,2.0,10.0,0.8333333333333334,0.1818127373231617,7.998757130382662,0
12,3,0,0,2.9973823877242487,113.94023617684815,110.9428537891239,11.00261761227575,2.0,10.0,0.8333333333333334,0.2140987419803035,10.083314507389918,0
12,3,0,0,3.2129194821563147,119.22638692139213,116.01346743923582,10.787080517843686,1.0,11.0,0.9166666666666666,0.22949424872545104,10.754853201228043,0
13,2,0,0,0.0,62.701307894284014,62.701307894284014,7.0,2.0,11.0,0.8461538461538461,0.0,8.95732969918343,0
12,3,0,0,2.5828236323480613,108.01043355943565,105.42760992708759,11.417176367651939,2.0,10.0,0.8333333333333334,0.1844874023105758,9.234122915521702,0
14,3,0,0,19.426128145290633,100.63787332515582,81.21174517986519,0.0,0.0,14.0,1.0,1.6188440121075527,81.21174517986519,1
13,2,0,0,0.0,55.245333877894666,55.245333877894666,7.0,2.0,11.0,0.8461538461538461,0.0,7.892190553984952,0
13,2,0,0,0.0,56.017140116304105,56.017140116304105,7.0,2.0,11.0,0.8461538461538461,0.0,8.002448588043444,0
4,7,0,0,25.806085273514043,180.9427911830875,155.13670590957346,64.19391472648596,1.0,3.0,0.75,0.2867342808168227,2.4166886623221493,0
12,3,0,0,3.1446258008843495,104.37167025853566,101.2270444576513,10.855374199115651,2.0,10.0,0.8333333333333334,0.2246161286345964,9.325062646472189,0
13,2,0,0,0.0,65.94119113003808,65.94119113003808,7.0,2.0,11.0,0.8461538461538461,0.0,9.420170161434012,0
7,2,1,0,3.498402644513035,64.24746758414416,60.749064939631126,8.501597355486965,1.0,6.0,0.8571428571428571,0.2915335537094196,7.145605984318164,0
13,2,0,0,0.0,56.71208854791694,56.71208854791694,7.0,2.0,11.0,0.8461538461538461,0.0,8.101726935416705,0
13,2,0,0,0.0,56.87946993176351,56.87946993176351,7.0,2.0,11.0,0.8461538461538461,0.0,8.125638561680502,0
11,3,1,0,19.755050526357728,120.27348191971119,100.51843139335347,0.0,0.0,11.0,1.0,1.0397395013872488,100.51843139335347,1
4,6,0,0,19.166569334376682,153.40611437672717,134.2395450423505,45.83343066562332,1.0,3.0,0.75,0.2948702974519489,2.9288565811643434,0
6,2,1,0,1.8037409533387507,24.86064897158856,23.05690801824981,5.1962590466612495,1.0,5.0,0.8333333333333334,0.25767727904839294,4.437212966329028,0
11,4,1,0,22.931682289154523,219.48087810465486,196.54919581550035,17.068317710845477,1.0,10.0,0.9090909090909091,0.5732920572288631,11.515440428590681,0
6,2,0,0,5.270874565489504,39.964264428502496,34.69338986301299,2.729125434510496,0.0,6.0,1.0,0.658859320686188,12.712273838463457,1
12,3,0,0,2.7086425670124346,96.60264791361632,93.89400534660389,11.291357432987565,2.0,10.0,0.8333333333333334,0.19347446907231675,8.315563996964057,0
3,3,0,1,0.9474019973719311,27.340660163745113,26.393258166373183,13.052598002628068,1.0,2.0,0.6666666666666666,0.06767157124085223,2.022069335243378,0
13,2,0,0,0.0,55.74161301744264,55.74161301744264,7.0,2.0,11.0,0.8461538461538461,0.0,7.963087573920377,0
10,4,0,0,57.08406157291061,286.04468294423066,228.96062137132003,0.0,0.0,10.0,1.0,1.1416812314582123,228.96062137132003,1
13,2,0,0,0.0,64.79600078289994,64.79600078289994,7.0,2.0,11.0,0.8461538461538461,0.0,9.256571540414276,0
6,3,0,0,3.0930898999431946,65.9985428769813,62.90545297703811,16.906910100056805,2.0,4.0,0.6666666666666666,0.15465449499715972,3.7206948286089694,0
13,2,0,0,0.0,53.812841387516954,53.812841387516954,7.0,3.0,10.0,0.7692307692307693,0.0,7.68754876964528,0
4,4,0,0,51.55723903195957,87.1111442620567,35.55390523009713,2.4427609680404316,0.0,4.0,1.0,0.9547636857770291,14.554803230959704,1
10,2,0,0,34.33154341613256,155.6205080328339,121.28896461670134,0.0,0.0,10.0,1.0,1.1838463246942263,121.28896461670134,1
12,3,0,0,3.1142467172301567,104.30503984885232,101.19079313162216,10.885753282769844,2.0,10.0,0.8333333333333334,0.22244619408786834,9.295708850189419,0
12,3,0,0,2.5036636560256067,91.39044649118611,88.8867828351605,11.496336343974393,1.0,11.0,0.9166666666666666,0.17883311828754334,7.731748635011795,0
5,6,0,0,38.61755886805819,163.21212278534657,124.59456391728838,21.38244113194181,1.0,4.0,0.8,0.6436259811343031,5.826956947921388,0
12,3,0,0,3.048801811483619,117.14334253743442,114.09454072595081,10.951198188516381,2.0,10.0,0.8333333333333334,0.21777155796311565,10.418452735664335,0
5,3,1,0,21.910954594415657,61.373634247274566,39.46267965285891,5.0890454055843435,0.0,5.0,1.0,0.8115168368302095,7.754436541194046,1
7,3,1,0,37.82662610198244,135.00632535766363,97.17969925568119,9.173373898017559,0.0,7.0,1.0,0.8048218319570732,10.593670369926,1
7,5,1,0,22.82293400635528,184.50790301560139,161.68496900924612,22.17706599364472,1.0,6.0,0.8571428571428571,0.5071763112523395,7.290638403456082,0
12,3,0,0,2.8320285696580667,100.20177823552028,97.36974966586222,11.167971430341932,2.0,10.0,0.8333333333333334,0.2022877549755762,8.718660346974135,0
13,2,0,0,0.0,56.97537950835729,56.97537950835729,7.0,2.0,11.0,0.8461538461538461,0.0,8.139339929765327,0
13,2,0,0,0.0,59.637622551530015,59.637622551530015,7.0,2.0,11.0,0.8461538461538461,0.0,8.519660364504288,0
12,3,0,0,2.7091636601283637,104.38848418175411,101.67932052162574,11.290836339871635,2.0,10.0,0.8333333333333334,0.19351169000916885,9.005472886234548,0
12,3,0,0,2.3403298277773525,91.26134096321069,88.92101113543333,11.659670172222647,2.0,10.0,0.8333333333333334,0.1671664162698109,7.626374487614052,0
13,2,0,0,0.0,58.799721559614824,58.799721559614824,7.0,3.0,10.0,0.7692307692307693,0.0,8.399960222802118,0
12,3,0,0,2.527382470526365,96.59931575158873,94.07193328106237,11.472617529473634,2.0,10.0,0.8333333333333334,0.1805273193233118,8.199692270694777,0
12,3,0,0,3.096442568698722,114.45455980061361,111.35811723191489,10.903557431301278,2.0,10.0,0.8333333333333334,0.22117446919276587,10.213007812682738,0
9,3,0,0,9.152478454125948,93.26563350924141,84.11315505511547,9.847521545874052,1.0,8.0,0.8888888888888888,0.48170939232241833,8.541555828365512,0
9,3,0,0,17.21127735540056,142.50487820249666,125.29360084709609,4.788722644599439,0.0,9.0,1.0,0.7823307888818437,26.16430521162006,1
13,2,0,0,0.0,64.76994509232576,64.76994509232576,7.0,3.0,10.0,0.7692307692307693,0.0,9.25284929890368,0
7,4,1,0,30.00590968608857,191.3170482729725,161.31113858688394,20.99409031391143,0.0,7.0,1.0,0.5883511703154621,7.6836450722512835,1
10,4,0,0,45.962902752224096,235.13709999903762,189.17419724681352,1.037097247775904,0.0,10.0,1.0,0.977934101111151,182.407385278965,1
13,2,0,0,0.0,59.87205873734584,59.87205873734584,7.0,2.0,11.0,0.8461538461538461,0.0,8.553151248192263,0
13,2,0,0,0.0,57.46365039283661,57.46365039283661,7.0,3.0,10.0,0.7692307692307693,0.0,8.209092913262372,0
13,2,0,0,0.0,54.69166728790399,54.69166728790399,7.0,2.0,11.0,0.8461538461538461,0.0,7.813095326843427,0
11,3,1,0,19.313301074580824,123.67126968272491,104.35796860814409,0.0,0.0,11.0,1.0,1.0164895302410961,104.35796860814409,1
7,4,1,0,31.926130250180332,196.21469854641893,164.2885682962386,19.073869749819668,0.0,7.0,1.0,0.6260025539251045,8.613279342425615,1
10,2,0,0,0.923781886562584,47.23284842945564,46.309066542893056,6.076218113437416,1.0,9.0,0.9,0.131968840937512,7.6213634333635305,0
12,3,0,0,3.2246258988693475,108.8940329291281,105.66940703025875,10.775374101130652,2.0,10.0,0.8333333333333334,0.23033042134781054,9.806565047163508,0
3,7,0,0,58.88328875958648,97.26878888044891,38.38550012086243,12.116711240413522,0.0,3.0,1.0,0.8293420952054433,3.1679801027883867,1
4,5,1,0,29.62478058581642,88.24124722391429,58.61646663809786,24.37521941418358,1.0,3.0,0.75,0.5486070478854893,2.404756471812098,0
6,2,0,0,4.398346660994483,40.24631730073666,35.84797063974218,3.6016533390055168,1.0,5.0,0.8333333333333334,0.5497933326243104,9.953198507894285,0
3,7,0,0,28.57019512937481,159.46126595478842,130.8910708254136,53.42980487062519,1.0,2.0,0.6666666666666666,0.34841701377286355,2.4497763213313797,0
13,2,0,0,0.0,59.22716795207729,59.22716795207729,7.0,2.0,11.0,0.8461538461538461,0.0,8.461023993153898,0
12,3,0,0,3.2988108204966027,97.98132349599302,94.68251267549643,10.701189179503398,2.0,10.0,0.8333333333333334,0.2356293443211859,8.847849625614252,0
4,6,0,0,22.56457574512272,126.31633522108297,103.75175947596024,36.435424254877276,1.0,3.0,0.75,0.38245043635801224,2.847551842684306,0
11,3,0,0,26.054684148178637,147.9583961320149,121.90371198383627,0.0,0.0,11.0,1.0,1.0421873659271454,121.90371198383627,1
13,2,0,0,0.0,60.14705598883283,60.14705598883283,7.0,3.0,10.0,0.7692307692307693,0.0,8.592436569833263,0
7,4,1,0,33.57600630259494,189.68913391049404,156.1131276078991,17.42399369740506,0.0,7.0,1.0,0.6583530647567636,8.959663916266733,1
12,3,0,0,2.8392486520987177,96.74558155695053,93.90633290485181,11.160751347901282,1.0,11.0,0.9166666666666666,0.2028034751499084,8.41397948736761,0
13,2,0,0,0.0,63.13528534329734,63.13528534329734,7.0,2.0,11.0,0.8461538461538461,0.0,9.019326477613905,0
12,3,0,0,2.7477082936994903,92.57570815165347,89.82799985795398,11.25229170630051,2.0,10.0,0.8333333333333334,0.19626487812139218,7.983084886401984,0
9,3,0,0,8.176795129239308,87.96467320170701,79.7878780724677,10.823204870760692,1.0,8.0,0.8888888888888888,0.4303576383810162,7.371927171776795,0
13,2,0,0,0.0,66.21358117553977,66.21358117553977,7.0,2.0,11.0,0.8461538461538461,0.0,9.45908302507711,0
13,2,0,0,0.0,60.9543264612203,60.9543264612203,7.0,2.0,11.0,0.8461538461538461,0.0,8.70776092303147,0
13,2,0,0,0.0,53.16922562447944,53.16922562447944,7.0,2.0,11.0,0.8461538461538461,0.0,7.595603660639919,0
5,4,0,0,16.10949158699921,143.52810774380035,127.41861615680114,38.89050841300079,1.0,4.0,0.8,0.29289984703634925,3.276342258210389,0
10,5,0,0,66.42910430623769,395.15250180339683,328.7233974971591,0.0,0.0,10.0,1.0,1.0544302270831378,328.7233974971591,1
14,3,0,0,17.79929230336014,99.84129501750257,82.04200271414243,0.0,0.0,14.0,1.0,1.483274358613345,82.04200271414243,1
4,4,0,0,44.65939176177434,88.8003138367498,44.14092207497546,9.340608238225663,1.0,3.0,0.75,0.8270257733661914,4.725701041002063,0
9,2,0,0,28.938060886015357,190.0268527779907,161.08879189197535,7.061939113984643,0.0,9.0,1.0,0.8038350246115377,22.81084406023465,1
13,2,0,0,0.0,54.746378881226356,54.746378881226356,7.0,2.0,11.0,0.8461538461538461,0.0,7.820911268746622,0
12,4,0,0,35.6661003631356,214.9552369396893,179.28913657655372,0.0,0.0,12.0,1.0,1.0490029518569293,179.28913657655372,1
3,7,0,0,0.0,90.22794502297722,90.22794502297722,58.0,1.0,2.0,0.6666666666666666,0.0,1.55565422453409,0
12,3,0,0,3.0072842802260444,119.73761236039164,116.73032808016559,10.992715719773955,2.0,10.0,0.8333333333333334,0.21480602001614604,10.618879907008633,0
12,4,0,0,36.70531297722042,199.14147305362837,162.43616007640796,0.0,0.0,12.0,1.0,1.079568028741777,162.43616007640796,1
9,3,0,0,31.51045711284716,198.6141748004702,167.10371768762306,5.48954288715284,0.0,9.0,1.0,0.8516339760228963,30.440370195248015,1
12,3,0,0,2.6791116152397216,118.25854045985201,115.5794288446123,11.320888384760279,2.0,10.0,0.8333333333333334,0.19136511537426584,10.209395669000733,0
5,6,1,0,27.23860890867269,218.99680333715872,191.75819442848604,43.76139109132731,0.0,5.0,1.0,0.38364237899539,4.3819035374880695,1
12,3,0,0,2.53817345015875,101.96980842722378,99.43163497706503,11.46182654984125,2.0,10.0,0.8333333333333334,0.18129810358276785,8.675025271468812,0
13,2,0,0,0.0,54.384518884193874,54.384518884193874,7.0,2.0,11.0,0.8461538461538461,0.0,7.769216983456268,0
5,3,1,0,21.994011629906144,66.85919544915225,44.86518381924611,5.005988370093856,0.0,5.0,1.0,0.8145930233298572,8.962302846581512,1
13,2,0,0,0.0,63.72874276790604,63.72874276790604,7.0,2.0,11.0,0.8461538461538461,0.0,9.104106109700863,0
7,4,0,0,27.44525588749011,174.84978733950436,147.40453145201425,22.55474411250989,1.0,6.0,0.8571428571428571,0.5489051177498022,6.535411384705401,0
5,6,1,0,28.307513508702854,244.5265642009144,216.21905069221157,42.692486491297146,1.0,4.0,0.8,0.39869737336201205,5.064569165731019,0
3,2,0,0,15.582382744820084,37.65965000542502,22.077267260604938,6.417617255179916,0.0,3.0,1.0,0.7082901247645492,3.4401034500437824,1
13,2,0,0,0.0,54.0248025189841,54.0248025189841,7.0,2.0,11.0,0.8461538461538461,0.0,7.717828931283443,0
13,2,0,0,0.0,54.02542611488887,54.02542611488887,7.0,2.0,11.0,0.8461538461538461,0.0,7.717918016412696,0
3,2,0,0,16.972346062026666,43.45218311790766,26.479837055880992,5.027653937973334,0.0,3.0,1.0,0.7714702755466667,5.266837650833843,1
12,3,0,0,2.7571208318776788,110.20964878434047,107.45252795246279,11.242879168122322,2.0,10.0,0.8333333333333334,0.19693720227697706,9.55738528766991,0
3,2,0,0,15.87877701418328,43.00573201436923,27.12695500018595,6.12122298581672,0.0,3.0,1.0,0.7217625915537854,4.431623396671042,1
10,4,0,0,46.020354137166,255.47899651760042,209.4586423804344,0.9796458628339977,0.0,10.0,1.0,0.979156471003532,213.8105720923434,1
12,3,0,0,3.011884288848545,100.65200109693743,97.64011680808888,10.988115711151455,2.0,10.0,0.8333333333333334,0.21513459206061034,8.88597457241894,0
10,2,0,0,38.41392035583632,130.9983873639629,92.58446700812658,0.0,0.0,10.0,1.0,1.3246179433047005,92.58446700812658,1
7,4,1,0,32.32657284117798,204.40182860440933,172.07525576323135,18.673427158822022,0.0,7.0,1.0,0.6338543694348623,9.214979890926802,1
5,5,0,0,24.309012687526636,156.6526929291938,132.34368024166716,32.69098731247337,1.0,4.0,0.8,0.4264739067987129,4.048323134956862,0
12,3,0,0,2.944987337039071,108.4149963139183,105.47000897687923,11.055012662960928,2.0,10.0,0.8333333333333334,0.21035623835993364,9.540469304956055,0
10,2,0,0,1.052756268247604,46.47586580675628,45.423109538508676,5.947243731752396,1.0,9.0,0.9,0.15039375260680057,7.637674120533219,0
13,2,0,0,0.0,62.68459134172803,62.68459134172803,7.0,2.0,11.0,0.8461538461538461,0.0,8.954941620246862,0
5,3,0,0,9.625182920284146,35.276082286244865,25.65089936596072,4.374817079715854,0.0,5.0,1.0,0.6875130657345819,5.863307859177224,1
4,4,0,0,22.363581900860282,70.01141640812185,47.647834507261564,22.636418099139718,2.0,2.0,0.5,0.496968486685784,2.104919351576758,0
9,3,0,0,47.56877833243737,217.72180963283662,170.15303130039925,6.431221667562632,0.0,9.0,1.0,0.8809033024525439,26.45734202548262,1
13,2,0,0,0.0,66.17278732457153,66.17278732457153,7.0,2.0,11.0,0.8461538461538461,0.0,9.453255332081648,0
11,3,1,0,19.282060281578193,112.87185307532825,93.58979279375005,0.0,0.0,11.0,1.0,1.0148452779777997,93.58979279375005,1
13,2,0,0,0.0,62.244542392516614,62.244542392516614,7.0,2.0,11.0,0.8461538461538461,0.0,8.892077484645231,0
13,2,0,0,0.0,67.7055445026121,67.7055445026121,7.0,3.0,10.0,0.7692307692307693,0.0,9.6722206432303,0
13,2,0,0,0.0,59.538762946236126,59.538762946236126,7.0,2.0,11.0,0.8461538461538461,0.0,8.505537563748018,0
12,3,0,0,3.204708691305605,104.43953107533143,101.23482238402582,10.795291308694395,2.0,10.0,0.8333333333333334,0.22890776366468607,9.377683240700742,0
13,2,0,0,0.0,60.00339394683723,60.00339394683723,7.0,2.0,11.0,0.8461538461538461,0.0,8.571913420976747,0
6,2,1,0,1.9976713101347183,23.426358923156087,21.428687613021367,5.002328689865282,1.0,5.0,0.8333333333333334,0.2853816157335312,4.283742421091978,0
9,3,1,0,32.838703283156256,153.00194674623665,120.16324346308039,7.161296716843744,0.0,9.0,1.0,0.8209675820789064,16.77953703279047,1
13,2,0,0,0.0,55.693769330478766,55.693769330478766,7.0,2.0,11.0,0.8461538461538461,0.0,7.956252761496967,0
6,2,0,0,28.53081565560855,137.0849686869961,108.55415303138754,5.469184344391451,0.0,6.0,1.0,0.8391416369296633,19.848325855519544,1
5,3,0,0,9.811279081630854,36.008229219817025,26.19695013818617,4.188720918369146,0.0,5.0,1.0,0.7008056486879182,6.254164612233416,1
9,2,0,0,30.242536849577647,175.07649696530794,144.8339601157303,5.757463150422353,0.0,9.0,1.0,0.8400704680438236,25.15586402061568,1
13,2,0,0,0.0,57.72251515655575,57.72251515655575,7.0,3.0,10.0,0.7692307692307693,0.0,8.246073593793678,0
13,2,0,0,0.0,60.08137315631079,60.08137315631079,7.0,2.0,11.0,0.8461538461538461,0.0,8.583053308044398,0
10,2,1,0,32.520694307581984,127.45311182532751,94.93241751774553,0.0,0.0,10.0,1.0,1.4139432307644342,94.93241751774553,1
13,2,0,0,0.0,59.46522181384079,59.46522181384079,7.0,3.0,10.0,0.7692307692307693,0.0,8.495031687691542,0
13,2,0,0,0.0,70.65160679021551,70.65160679021551,7.0,3.0,10.0,0.7692307692307693,0.0,10.093086684316502,0
5,3,0,0,9.973673979140166,85.52513814687171,75.55146416773155,18.026326020859834,1.0,4.0,0.8,0.3562026421121488,4.19117373558563,0
3,5,0,0,9.089906731945822,82.08660421884841,72.99669748690259,36.910093268054176,1.0,2.0,0.6666666666666666,0.19760666808577873,1.977689326244036,0
3,5,1,0,13.66766200440253,103.44789214867873,89.7802301442762,36.33233799559747,1.0,2.0,0.6666666666666666,0.2733532400880506,2.4710832029349508,0
6,2,1,0,1.878258235007811,27.397014414207028,25.51875617919922,5.121741764992189,1.0,5.0,0.8333333333333334,0.2683226050011159,4.982437098571317,0
13,2,0,0,0.0,54.844639088693434,54.844639088693434,7.0,2.0,11.0,0.8461538461538461,0.0,7.834948441241919,0
12,2,0,1,7.868179334227696,63.8165238466889,55.948344512461205,0.13182066577230422,0.0,12.0,1.0,0.983522416778462,424.42771916431985,1
5,5,0,0,31.821356528299063,137.11666182785717,105.29530529955811,21.178643471700937,1.0,4.0,0.8,0.6004029533641333,4.971768160706539,0
13,2,0,0,0.0,61.56400155230264,61.56400155230264,7.0,3.0,10.0,0.7692307692307693,0.0,8.794857364614662,0
7,7,1,0,35.52788249678845,245.31803056378743,209.790148066999,25.47211750321155,1.0,6.0,0.8571428571428571,0.5824243032260402,8.236070206591519,0
13,2,0,0,0.0,61.15006075745579,61.15006075745579,7.0,2.0,11.0,0.8461538461538461,0.0,8.735722965350828,0
13,2,0,0,0.0,64.45555387928002,64.45555387928002,7.0,2.0,11.0,0.8461538461538461,0.0,9.207936268468574,0
13,2,0,0,0.0,64.47060246162087,64.47060246162087,7.0,2.0,11.0,0.8461538461538461,0.0,9.21008606594584,0
12,3,0,0,2.7829093407182666,109.08132294299615,106.29841360227789,11.217090659281734,2.0,10.0,0.8333333333333334,0.19877923862273333,9.476469151501403,0
13,2,0,0,0.0,55.91989139088661,55.91989139088661,7.0,2.0,11.0,0.8461538461538461,0.0,7.988555912983801,0
6,3,0,0,3.3560333195995327,67.04036739030788,63.684334070708346,16.643966680400467,2.0,4.0,0.6666666666666666,0.16780166597997664,3.826271422767355,0
12,3,0,0,2.8554333514806047,95.48516095457992,92.62972760309933,11.144566648519396,2.0,10.0,0.8333333333333334,0.2039595251057575,8.31164912234659,0
12,2,0,0,45.65149964584405,174.51379273147248,128.86229308562844,0.0,0.0,12.0,1.0,1.472629020833679,128.86229308562844,1
6,2,0,0,23.63532382284935,65.62398911378047,41.98866529093112,0.36467617715064904,0.0,6.0,1.0,0.9848051592853896,115.13958937214989,1
12,3,0,0,3.4285596037460673,119.74222990990663,116.31367030616056,10.571440396253934,2.0,10.0,0.8333333333333334,0.24489711455329052,11.002632181266154,0
10,4,0,0,71.83768405121123,313.47857579017284,241.6408917389616,0.0,0.0,10.0,1.0,1.4367536810242245,241.6408917389616,1
4,4,0,0,39.455249225094995,85.85255189073952,46.397302665644524,14.544750774905005,1.0,3.0,0.75,0.7306527634276851,3.1899689024370756,0
12,3,0,0,3.381341556724613,110.55297606261693,107.17163450589233,10.618658443275386,2.0,10.0,0.8333333333333334,0.24152439690890093,10.092765962706173,0
12,3,0,0,3.0285944829237588,89.3730349629221,86.34444047999834,10.971405517076242,2.0,10.0,0.8333333333333334,0.21632817735169704,7.869952518445255,0
13,2,0,0,0.0,55.29881863896545,55.29881863896545,7.0,2.0,11.0,0.8461538461538461,0.0,7.899831234137921,0
3,7,0,0,30.849276649863043,132.24137163612977,101.39209498626673,51.15072335013696,1.0,2.0,0.6666666666666666,0.3762106908519883,1.9822221142840446,0
13,2,0,0,0.0,54.03563002064165,54.03563002064165,7.0,2.0,11.0,0.8461538461538461,0.0,7.719375717234521,0
12,3,0,0,2.70787843922496,90.35964569696712,87.65176725774216,11.29212156077504,2.0,10.0,0.8333333333333334,0.19341988851606856,7.762205426676804,0
